{
  "IcoMoonType": "selection",
  "icons": [
    {
      "icon": {
        "paths": [
          "M884.35 170.659h-651.629c-51.412 0-93.090 38.205-93.090 85.333v597.326c0 47.127 41.678 85.332 93.090 85.332h651.629c51.414 0 93.091-38.205 93.091-85.332v-597.326c0-47.128-41.677-85.333-93.091-85.333z",
          "M139.622 426.659h837.809",
          "M744.699 85.318v170.686",
          "M372.344 85.318v170.686"
        ],
        "attrs": [
          {
            "fill": "none",
            "stroke": "rgb(76, 64, 247)",
            "strokeLinejoin": "round",
            "strokeLinecap": "round",
            "strokeMiterlimit": "4",
            "strokeWidth": 77.58103272727273
          },
          {
            "fill": "none",
            "stroke": "rgb(76, 64, 247)",
            "strokeLinejoin": "round",
            "strokeLinecap": "round",
            "strokeMiterlimit": "4",
            "strokeWidth": 77.58103272727273
          },
          {
            "fill": "none",
            "stroke": "rgb(76, 64, 247)",
            "strokeLinejoin": "round",
            "strokeLinecap": "round",
            "strokeMiterlimit": "4",
            "strokeWidth": 77.58103272727273
          },
          {
            "fill": "none",
            "stroke": "rgb(76, 64, 247)",
            "strokeLinejoin": "round",
            "strokeLinecap": "round",
            "strokeMiterlimit": "4",
            "strokeWidth": 77.58103272727273
          }
        ],
        "width": 1117,
        "isMulticolor": false,
        "isMulticolor2": false,
        "grid": 0,
        "tags": [
          "fi_calendar"
        ],
        "colorPermutations": {
          "255255255143182115176642471": [
            {
              "s": 1
            },
            {
              "s": 1
            },
            {
              "s": 1
            },
            {
              "s": 1
            }
          ]
        }
      },
      "attrs": [
        {
          "fill": "none",
          "stroke": "rgb(76, 64, 247)",
          "strokeLinejoin": "round",
          "strokeLinecap": "round",
          "strokeMiterlimit": "4",
          "strokeWidth": 77.58103272727273
        },
        {
          "fill": "none",
          "stroke": "rgb(76, 64, 247)",
          "strokeLinejoin": "round",
          "strokeLinecap": "round",
          "strokeMiterlimit": "4",
          "strokeWidth": 77.58103272727273
        },
        {
          "fill": "none",
          "stroke": "rgb(76, 64, 247)",
          "strokeLinejoin": "round",
          "strokeLinecap": "round",
          "strokeMiterlimit": "4",
          "strokeWidth": 77.58103272727273
        },
        {
          "fill": "none",
          "stroke": "rgb(76, 64, 247)",
          "strokeLinejoin": "round",
          "strokeLinecap": "round",
          "strokeMiterlimit": "4",
          "strokeWidth": 77.58103272727273
        }
      ],
      "properties": {
        "order": 69,
        "id": 2,
        "name": "fi_calendar",
        "prevSize": 32
      },
      "setIdx": 0,
      "setId": 5,
      "iconIdx": 0
    },
    {
      "icon": {
        "paths": [
          "M512 96c-82.278 0-162.707 24.398-231.117 70.109s-121.731 110.681-153.217 186.694c-31.486 76.016-39.724 159.658-23.673 240.355 16.052 80.694 55.671 154.819 113.85 212.998s132.303 97.798 212.998 113.85c80.698 16.051 164.342 7.814 240.355-23.674 76.013-31.485 140.986-84.803 186.694-153.216 45.712-68.41 70.109-148.838 70.109-231.117-0.128-110.291-43.997-216.028-121.984-294.016s-183.725-121.857-294.016-121.984z",
          "M506.73 364.010c1.606-3.882 3.965-7.411 6.938-10.381 2.97-2.973 6.499-5.328 10.381-6.938s8.042-2.438 12.243-2.438c4.202 0 8.365 0.829 12.246 2.438s7.408 3.965 10.381 6.938l135.709 135.773c6 6.016 9.37 14.166 9.37 22.666 0 8.496-3.37 16.646-9.37 22.662l-135.709 135.712c-6.003 5.99-14.138 9.35-22.621 9.347-8.48-0.003-16.611-3.376-22.605-9.373-5.997-5.994-9.37-14.125-9.373-22.608-0.006-8.48 3.357-16.614 9.347-22.618l81.126-81.123h-242.752c-8.486 0-16.627-3.373-22.627-9.373s-9.373-14.141-9.373-22.627c0-8.486 3.373-16.627 9.373-22.627 6-6.003 14.141-9.373 22.627-9.373h242.771l-81.146-81.187c-2.973-2.973-5.331-6.499-6.938-10.381-1.61-3.882-2.438-8.042-2.438-12.246 0-4.202 0.829-8.362 2.438-12.243z"
        ],
        "attrs": [
          {
            "fill": "rgb(43, 182, 115)"
          },
          {
            "fill": "rgb(255, 255, 255)"
          }
        ],
        "isMulticolor": true,
        "isMulticolor2": false,
        "grid": 0,
        "tags": [
          "ArrowCircleRight"
        ],
        "colorPermutations": {
          "255255255143182115176642471": [
            {
              "f": 0
            },
            {
              "f": 2
            }
          ]
        }
      },
      "attrs": [
        {
          "fill": "rgb(43, 182, 115)"
        },
        {
          "fill": "rgb(255, 255, 255)"
        }
      ],
      "properties": {
        "order": 70,
        "id": 1,
        "name": "ArrowCircleRight",
        "prevSize": 32
      },
      "setIdx": 0,
      "setId": 5,
      "iconIdx": 1
    },
    {
      "icon": {
        "paths": [
          "M512 96c-82.278 0-162.707 24.398-231.117 70.109s-121.731 110.681-153.217 186.694c-31.486 76.016-39.724 159.658-23.673 240.355 16.052 80.694 55.671 154.819 113.85 212.998s132.303 97.798 212.998 113.85c80.698 16.051 164.342 7.814 240.355-23.674 76.013-31.485 140.986-84.803 186.694-153.216 45.712-68.41 70.109-148.838 70.109-231.117-0.128-110.291-43.997-216.028-121.984-294.016s-183.725-121.857-294.016-121.984z",
          "M517.312 660.038c-1.606 3.882-3.965 7.408-6.938 10.381-2.97 2.97-6.499 5.328-10.381 6.938s-8.042 2.435-12.243 2.435c-4.205 0-8.365-0.829-12.246-2.435-3.882-1.61-7.408-3.968-10.381-6.938l-135.709-135.776c-6-6.016-9.37-14.166-9.37-22.662 0-8.499 3.37-16.65 9.37-22.666l135.709-135.709c6.003-5.99 14.138-9.354 22.618-9.347 8.483 0.003 16.614 3.373 22.608 9.37 5.997 5.997 9.37 14.128 9.373 22.608s-3.357 16.614-9.347 22.618l-81.126 81.126h242.752c8.486 0 16.627 3.37 22.627 9.373 6 6 9.373 14.141 9.373 22.627s-3.373 16.627-9.373 22.627c-6 6-14.141 9.373-22.627 9.373h-242.771l81.146 81.187c2.973 2.97 5.331 6.496 6.938 10.381 1.61 3.882 2.438 8.042 2.438 12.243s-0.829 8.365-2.438 12.246z"
        ],
        "attrs": [
          {
            "fill": "rgb(43, 182, 115)"
          },
          {
            "fill": "rgb(255, 255, 255)"
          }
        ],
        "isMulticolor": true,
        "isMulticolor2": false,
        "grid": 0,
        "tags": [
          "ArrowCircleLeft"
        ],
        "colorPermutations": {
          "255255255143182115176642471": [
            {
              "f": 0
            },
            {
              "f": 2
            }
          ]
        }
      },
      "attrs": [
        {
          "fill": "rgb(43, 182, 115)"
        },
        {
          "fill": "rgb(255, 255, 255)"
        }
      ],
      "properties": {
        "order": 71,
        "id": 0,
        "name": "ArrowCircleLeft",
        "prevSize": 32
      },
      "setIdx": 0,
      "setId": 5,
      "iconIdx": 2
    },
    {
      "icon": {
        "paths": [
          "M266.681 885.781l189.366-219.855 86.623 105.784-166.96 203.285c-63.943 77.791-182.262-4.186-109.030-89.214zM487.836 385.112c18.034-56.337 9.747-104.477-58.020-175.988l-165.593-190.727c-23.502-26.424-78.881 12.384-55.745 44.389l132.438 156.192c25.048 29.127-21.497 67.675-47.364 37.674l-136.993-161.511c-25.504-27.994-78.242 8.982-51.554 40.988 38.62 44.477 98.372 117.122 136.992 161.599 26.779 26.074-13.936 64.71-40.351 32.18l-135.99-160.465c-19.948-20.756-52.556-7.849-61.209 16.395-9.291 25.901 13.572 44.825 29.147 64.012l151.748 187.673c47.091 52.238 99.74 83.199 160.949 65.669 9.38-2.703 20.859-8.197 33.154-15.436l407.697 503.896c21.952 27.122 64.307 29.998 91.815 8.111l6.285-4.972c30.97-24.681 35.978-69.768 9.473-98.895l-431.745-474.943c12.571-13.429 21.771-26.162 24.867-35.842zM603.241 494.997l67.132-77.967c-86.349-204.941 233.632-478.080 388.751-352.499 188.454 152.703-91.631 520.728-288.468 429.768l-79.517 96.716-87.897-96.018z"
        ],
        "attrs": [
          {
            "fill": "rgb(255, 94, 0)"
          }
        ],
        "width": 1143,
        "isMulticolor": false,
        "isMulticolor2": false,
        "grid": 0,
        "tags": [
          "escape_fork"
        ]
      },
      "attrs": [
        {
          "fill": "rgb(255, 94, 0)"
        }
      ],
      "properties": {
        "order": 61,
        "id": 4,
        "name": "escape_fork",
        "prevSize": 32
      },
      "setIdx": 1,
      "setId": 4,
      "iconIdx": 0
    },
    {
      "icon": {
        "paths": [
          "M764.888 854.83l-281.829-630.4c24.609-23.633 40.069-57.584 40.069-95.253 0.002-71.228-55.251-129.177-123.168-129.177s-123.168 57.949-123.168 129.177c0 37.371 15.224 71.067 39.493 94.675l-282.076 630.959c-3.432 7.156-12.701 26.824-12.701 41.686 0 40.791 40.33 71.239 126.92 95.818 71.987 20.435 161.167 31.684 251.117 31.684s179.129-11.25 251.116-31.684c86.59-24.578 126.921-55.027 126.921-95.818-0.002-3.744-0.005-15.089-12.695-41.667zM270.748 521.197l226.864-68.725 44.913 100.464-330.776 100.233 59-131.972zM167.079 753.090l409.456-124.075 44.908 100.452-513.362 155.579 58.997-131.955zM399.96 258.358c3.586 0 7.13-0.198 10.64-0.514l52.998 118.548-148.182 44.889 73.097-163.502c3.775 0.364 7.585 0.579 11.447 0.579zM399.543 941.011c-58.037 0-109.258-4.753-152.393-11.724l408.307-123.742 37.064 82.911c-34.809 19.756-140.417 52.555-292.978 52.555z"
        ],
        "attrs": [
          {
            "fill": "rgb(255, 94, 0)"
          }
        ],
        "width": 786,
        "isMulticolor": false,
        "isMulticolor2": false,
        "grid": 0,
        "tags": [
          "escape_hat"
        ]
      },
      "attrs": [
        {
          "fill": "rgb(255, 94, 0)"
        }
      ],
      "properties": {
        "order": 60,
        "id": 3,
        "name": "escape_hat",
        "prevSize": 32
      },
      "setIdx": 1,
      "setId": 4,
      "iconIdx": 1
    },
    {
      "icon": {
        "paths": [
          "M1161.439 965.243c0 32.45-25.505 58.754-56.963 58.754-31.46 0-56.966-26.304-56.966-58.754 0-0.37 0.1-0.709 0.105-1.079h-0.354c0.013-1.355 0.194-2.665 0.194-4.025 0-95.92-36.785-182.787-96.29-246.542l0.344-0.357c-10.138-10.235-16.468-24.468-16.468-40.259 0-31.145 24.476-56.388 54.668-56.388 15.31 0 29.11 6.527 39.035 16.988l0.102-0.108c81.92 84.716 132.59 201.594 132.59 330.697h-0.102c0.005 0.365 0.105 0.704 0.105 1.074zM708.222 606.006v0.147c-0.281-0.003-0.551-0.045-0.835-0.045-187.812 0-340.063 158.505-340.063 354.031 0 0.958 0.079 1.893 0.137 2.841 0.029 0.767 0.223 1.486 0.223 2.263 0 32.45-25.505 58.757-56.966 58.757-31.463 0-56.966-26.306-56.966-58.757 0-0.368 0.098-0.709 0.104-1.077h-0.521c0-190.123 110.035-353.43 267.839-426.801-65.667-55.572-107.583-139.897-107.583-234.344 0-167.358 131.539-303.023 293.796-303.023 162.259 0 293.799 135.663 293.799 303.020 0 167.064-131.093 302.516-292.964 302.986zM707.387 109.805c-103.256 0-186.959 86.334-186.959 192.837 0 106.496 83.703 192.83 186.959 192.83s186.961-86.334 186.961-192.83c0-106.503-83.705-192.837-186.961-192.837zM360.175 163.132c-62.432 17.763-108.273 75.805-108.273 144.851 0 57.838 32.166 107.958 79.305 133.144 19.081 10.195 37.618 29.517 40.655 63.176 2.634 29.181-5.758 72.988-43.187 83.632-125.155 35.585-217.53 150.042-222.058 287.337 0.278 2.211 0.654 4.393 0.654 6.682 0 28.767-22.606 52.085-50.499 52.085-27.887 0-50.496-23.318-50.496-52.085 0-0.507 0.134-0.977 0.147-1.483l-0.267-0.003c0-174.81 100.616-313.922 242.021-374.172-58.522-46.127-96.336-118.036-96.336-199.071 0-101.891 59.607-189.47 145.326-229.159 40.088-18.564 69.291 3.603 76.356 32.124 8.47 34.175-13.349 52.943-13.349 52.943z"
        ],
        "attrs": [
          {
            "fill": "rgb(255, 94, 0)"
          }
        ],
        "width": 1182,
        "isMulticolor": false,
        "isMulticolor2": false,
        "grid": 0,
        "tags": [
          "escape_people"
        ]
      },
      "attrs": [
        {
          "fill": "rgb(255, 94, 0)"
        }
      ],
      "properties": {
        "order": 59,
        "id": 2,
        "name": "escape_people",
        "prevSize": 32
      },
      "setIdx": 1,
      "setId": 4,
      "iconIdx": 2
    },
    {
      "icon": {
        "paths": [
          "M775.198 112.074c12.081 0 23.668-4.753 32.209-13.214 8.543-8.461 13.342-19.937 13.342-31.902s-4.799-23.441-13.342-31.902c-8.541-8.461-20.129-13.214-32.209-13.214h-728.803c-12.081 0-23.667 4.753-32.209 13.214s-13.341 19.937-13.341 31.902c0 11.966 4.799 23.441 13.341 31.902s20.128 13.214 32.209 13.214h47.782c6.65 82.834 33.844 259.419 145.487 360.93-117.747 113.289-141.707 348.93-146.489 451.165h-46.78c-12.081 0-23.667 4.752-32.209 13.214s-13.341 19.938-13.341 31.902c0 11.967 4.799 23.44 13.341 31.902s20.128 13.214 32.209 13.214h728.803c12.081 0 23.668-4.752 32.209-13.214 8.543-8.462 13.342-19.935 13.342-31.902 0-11.965-4.799-23.44-13.342-31.902-8.541-8.462-20.129-13.214-32.209-13.214h-46.778c-4.785-102.144-28.744-337.787-146.49-451.165 111.644-101.602 138.836-278.187 145.487-360.93h47.781zM482.767 433.573c-7.238 3.98-13.242 9.84-17.368 16.945-4.129 7.107-6.223 15.195-6.058 23.391 0.163 8.197 2.579 16.195 6.989 23.133 4.408 6.94 10.643 12.558 18.032 16.251 111.006 55.403 145.759 284.73 152.82 410.875h-452.769c6.878-126.327 41.815-355.472 152.821-410.875 7.389-3.693 13.624-9.311 18.032-16.251 4.41-6.938 6.826-14.936 6.989-23.133s-1.929-16.284-6.058-23.391c-4.126-7.105-10.131-12.965-17.368-16.945-115.652-63.569-145.442-238.305-153.14-321.499h450.218c-7.699 83.195-37.488 257.93-153.139 321.499zM410.796 563.237c0 0 136.653 108.281 136.653 162.42v153.395h-273.303v-153.395c0-54.139 136.65-162.42 136.65-162.42z"
        ],
        "attrs": [
          {
            "fill": "rgb(255, 94, 0)"
          }
        ],
        "width": 838,
        "isMulticolor": false,
        "isMulticolor2": false,
        "grid": 0,
        "tags": [
          "escape_time"
        ]
      },
      "attrs": [
        {
          "fill": "rgb(255, 94, 0)"
        }
      ],
      "properties": {
        "order": 58,
        "id": 1,
        "name": "escape_time",
        "prevSize": 32
      },
      "setIdx": 1,
      "setId": 4,
      "iconIdx": 3
    },
    {
      "icon": {
        "paths": [
          "M-54.559 111.291c7.561 9.427 119.753-137.207 292.054-97.039s111.512 143.743 216.948 198.146c105.436 54.404 191.767-30.584 287.524 19.292s116.046 178.165 211.12 217.465c95.071 39.3 159.184-66.588 262.321-12.072s54.055 133.842 178.496 195.99c124.441 62.149 198.44-26.975 317.335 62.010s106.452 328.16 106.452 328.16"
        ],
        "attrs": [
          {
            "fill": "none",
            "opacity": 0.05,
            "stroke": "rgb(76, 64, 247)",
            "strokeLinejoin": "miter",
            "strokeLinecap": "butt",
            "strokeMiterlimit": "4",
            "strokeWidth": 14.368568755846585
          }
        ],
        "width": 1826,
        "isMulticolor": false,
        "isMulticolor2": false,
        "grid": 0,
        "tags": [
          "escape"
        ],
        "colorPermutations": {
          "175175175119110925512551040125520401255255255143182115176642471": [
            {
              "s": 3
            }
          ]
        }
      },
      "attrs": [
        {
          "fill": "none",
          "opacity": 0.05,
          "stroke": "rgb(76, 64, 247)",
          "strokeLinejoin": "miter",
          "strokeLinecap": "butt",
          "strokeMiterlimit": "4",
          "strokeWidth": 14.368568755846585
        }
      ],
      "properties": {
        "order": 62,
        "id": 18,
        "name": "escape",
        "prevSize": 32
      },
      "setIdx": 2,
      "setId": 3,
      "iconIdx": 0
    },
    {
      "icon": {
        "paths": [
          "M-53.042 5.704c0 0 83.976-33.072 183.221 60.056 66.57 62.464 67.181 105.963 90.858 211.873 29.010 129.769 117.381 322.686 337.675 229.893 117.957-49.687 107.998 85.149 37.662 218.847-44.578 84.729-136.254 177.487-159.809 195.435-161.624 123.151-400.711 110.213-490.624 86.521-89.568-23.606-20.351-998.044 1.018-1002.625z"
        ],
        "attrs": [
          {
            "fill": "rgb(76, 64, 247)"
          }
        ],
        "width": 649,
        "isMulticolor": false,
        "isMulticolor2": false,
        "grid": 0,
        "tags": [
          "questions_purple"
        ],
        "colorPermutations": {
          "175175175119110925512551040125520401255255255143182115176642471": [
            {
              "f": 3
            }
          ]
        }
      },
      "attrs": [
        {
          "fill": "rgb(76, 64, 247)"
        }
      ],
      "properties": {
        "order": 33,
        "id": 17,
        "name": "questions_purple",
        "prevSize": 32
      },
      "setIdx": 2,
      "setId": 3,
      "iconIdx": 1
    },
    {
      "icon": {
        "paths": [
          "M457.146 2.61c142.635-13.333 297.306 23.537 392.134 130.858 91.361 103.396 71.185 253.985 69.79 391.921-1.373 135.773 15.383 285.119-77.639 384.076-94.672 100.713-247.886 129.952-384.285 107.323-119.672-19.854-192.372-127.789-274.869-216.68-77.58-83.593-171.67-161.1-181.181-274.72-10.125-120.953 51.182-233.397 130.991-324.882 86.676-99.358 193.74-185.621 325.060-197.896z"
        ],
        "attrs": [
          {
            "fill": "rgb(43, 182, 115)"
          }
        ],
        "width": 518,
        "isMulticolor": false,
        "isMulticolor2": false,
        "grid": 0,
        "tags": [
          "questions_green"
        ],
        "colorPermutations": {
          "175175175119110925512551040125520401255255255143182115176642471": [
            {
              "f": 0
            }
          ]
        }
      },
      "attrs": [
        {
          "fill": "rgb(43, 182, 115)"
        }
      ],
      "properties": {
        "order": 34,
        "id": 16,
        "name": "questions_green",
        "prevSize": 32
      },
      "setIdx": 2,
      "setId": 3,
      "iconIdx": 2
    },
    {
      "icon": {
        "paths": [
          "M249.577 16.904c127.054 13.259 242.109 58.013 341.945 137.652 116.165 92.665 235.846 194.976 258.979 341.7 26.303 166.848-1.344 361.245-131.083 469.503-125.261 104.514-306.745 37.299-469.841 31.91-153.809-5.082-332.956 48.75-439.755-61.972-106.278-110.183-47.105-286.442-43.895-439.441 3.096-147.557-42.909-317.46 61.954-421.392 104.727-103.797 274.991-73.27 421.696-57.96z"
        ],
        "attrs": [
          {
            "fill": "rgb(255, 204, 0)"
          }
        ],
        "width": 860,
        "isMulticolor": false,
        "isMulticolor2": false,
        "grid": 0,
        "tags": [
          "video_yellow"
        ],
        "colorPermutations": {
          "175175175119110925512551040125520401255255255143182115176642471": [
            {
              "f": 1
            }
          ]
        }
      },
      "attrs": [
        {
          "fill": "rgb(255, 204, 0)"
        }
      ],
      "properties": {
        "order": 35,
        "id": 15,
        "name": "video_yellow",
        "prevSize": 32
      },
      "setIdx": 2,
      "setId": 3,
      "iconIdx": 3
    },
    {
      "icon": {
        "paths": [
          "M734.941 6.168c0 0-374.906-70.876-616.657 299.203-111.733 171.043-130.076 279.175-111.265 450.616 28.21 257.131 73.921 316.899 278.603 230.396 109.817-46.415 226.303-100.561 226.303-100.561 64.786-31.485 253.232-94.159 285.907-90.806s3.472-792.236-62.89-788.847z"
        ],
        "attrs": [
          {
            "fill": "rgb(76, 64, 247)"
          }
        ],
        "width": 745,
        "isMulticolor": false,
        "isMulticolor2": false,
        "grid": 0,
        "tags": [
          "video_purple"
        ],
        "colorPermutations": {
          "175175175119110925512551040125520401255255255143182115176642471": [
            {
              "f": 3
            }
          ]
        }
      },
      "attrs": [
        {
          "fill": "rgb(76, 64, 247)"
        }
      ],
      "properties": {
        "order": 36,
        "id": 14,
        "name": "video_purple",
        "prevSize": 32
      },
      "setIdx": 2,
      "setId": 3,
      "iconIdx": 4
    },
    {
      "icon": {
        "paths": [
          "M271.981 869.167l194.776-210.084 89.097 101.085-171.729 194.251c-65.77 74.333-187.469-4-112.144-85.251zM499.453 390.749c18.55-53.833 10.026-99.833-59.679-168.166l-170.323-182.25c-24.171-25.25-81.133 11.833-57.337 42.417l136.221 149.249c25.764 27.835-22.109 64.667-48.717 36.002l-140.906-154.334c-26.232-26.75-80.478 8.583-53.027 39.167 39.723 42.5 101.182 111.916 140.905 154.416 27.546 24.917-14.334 61.834-41.503 30.75l-139.875-153.333c-20.518-19.833-54.058-7.5-62.958 15.667-9.556 24.75 13.959 42.834 29.98 61.166l156.083 179.334c48.436 49.917 102.587 79.499 165.545 62.748 9.651-2.583 21.456-7.832 34.104-14.748l419.344 481.498c22.578 25.916 66.144 28.667 94.438 7.751l6.465-4.749c31.853-23.584 37.005-66.667 9.742-94.502l-444.077-453.832c12.927-12.834 22.391-25.002 25.575-34.252zM618.155 495.75l69.049-74.499c-88.817-195.834 240.308-456.834 399.858-336.834 193.839 145.917-94.251 497.584-296.71 410.667l-81.788 92.417-90.41-91.75z"
        ],
        "attrs": [
          {
            "fill": "rgb(255, 255, 255)"
          }
        ],
        "width": 1161,
        "isMulticolor": false,
        "isMulticolor2": false,
        "grid": 0,
        "tags": [
          "forkspoon"
        ],
        "colorPermutations": {
          "175175175119110925512551040125520401255255255143182115176642471": [
            {
              "f": 6
            }
          ]
        }
      },
      "attrs": [
        {
          "fill": "rgb(255, 255, 255)"
        }
      ],
      "properties": {
        "order": 37,
        "id": 13,
        "name": "forkspoon",
        "prevSize": 32
      },
      "setIdx": 2,
      "setId": 3,
      "iconIdx": 5
    },
    {
      "icon": {
        "paths": [
          "M4.076 256c0-141.385 114.615-256 256-256h689.445c141.388 0 256.004 114.615 256.004 256v512c0 141.385-114.616 256-256.004 256h-945.445v-768z"
        ],
        "attrs": [
          {
            "fill": "rgb(43, 182, 115)"
          }
        ],
        "width": 1208,
        "isMulticolor": false,
        "isMulticolor2": false,
        "grid": 0,
        "tags": [
          "forkspoon_rectangle"
        ],
        "colorPermutations": {
          "175175175119110925512551040125520401255255255143182115176642471": [
            {
              "f": 0
            }
          ]
        }
      },
      "attrs": [
        {
          "fill": "rgb(43, 182, 115)"
        }
      ],
      "properties": {
        "order": 63,
        "id": 12,
        "name": "forkspoon_rectangle",
        "prevSize": 32
      },
      "setIdx": 2,
      "setId": 3,
      "iconIdx": 6
    },
    {
      "icon": {
        "paths": [
          "M812.584 854.83l-303.361-630.4c26.488-23.633 43.129-57.584 43.129-95.253 0.002-71.228-59.473-129.177-132.579-129.177s-132.579 57.949-132.579 129.177c0 37.371 16.386 71.067 42.51 94.675l-303.628 630.959c-3.694 7.156-13.671 26.824-13.671 41.686 0 40.791 43.412 71.239 136.617 95.818 77.488 20.435 173.483 31.684 270.306 31.684s192.817-11.25 270.305-31.684c93.205-24.578 136.616-55.027 136.616-95.818-0.002-3.744-0.005-15.089-13.664-41.667zM280.688 521.197l244.198-68.725 48.347 100.464-356.052 100.233 63.507-131.972zM169.099 753.090l440.743-124.075 48.34 100.452-552.588 155.579 63.505-131.955zM419.773 258.358c3.86 0 7.675-0.198 11.452-0.514l57.049 118.548-159.503 44.889 78.681-163.502c4.063 0.364 8.163 0.579 12.321 0.579zM419.326 941.011c-62.471 0-117.608-4.753-164.038-11.724l439.506-123.742 39.898 82.911c-37.469 19.756-151.147 52.555-315.366 52.555z"
        ],
        "attrs": [
          {
            "fill": "rgb(255, 255, 255)"
          }
        ],
        "width": 833,
        "isMulticolor": false,
        "isMulticolor2": false,
        "grid": 0,
        "tags": [
          "hat"
        ],
        "colorPermutations": {
          "175175175119110925512551040125520401255255255143182115176642471": [
            {
              "f": 6
            }
          ]
        }
      },
      "attrs": [
        {
          "fill": "rgb(255, 255, 255)"
        }
      ],
      "properties": {
        "order": 39,
        "id": 11,
        "name": "hat",
        "prevSize": 32
      },
      "setIdx": 2,
      "setId": 3,
      "iconIdx": 7
    },
    {
      "icon": {
        "paths": [
          "M8.313 255.11c0-139.985 113.48-253.465 253.465-253.465h584.399c139.985 0 253.467 113.48 253.467 253.465v506.931c0 139.985-113.482 253.463-253.467 253.463h-837.864v-760.394z"
        ],
        "attrs": [
          {
            "fill": "rgb(191, 109, 255)"
          }
        ],
        "width": 1105,
        "isMulticolor": false,
        "isMulticolor2": false,
        "grid": 0,
        "tags": [
          "hat_rectangle"
        ],
        "colorPermutations": {
          "175175175119110925512551040125520401255255255143182115176642471": [
            {
              "f": 5
            }
          ]
        }
      },
      "attrs": [
        {
          "fill": "rgb(191, 109, 255)"
        }
      ],
      "properties": {
        "order": 64,
        "id": 10,
        "name": "hat_rectangle",
        "prevSize": 32
      },
      "setIdx": 2,
      "setId": 3,
      "iconIdx": 8
    },
    {
      "icon": {
        "paths": [
          "M274.465 214.242c-19.733-33.155-63.696-44.657-98.19-25.689s-46.461 61.222-26.726 94.376c3.163 5.316 7.047 10.203 11.549 14.534l235.013 295.764 54.782 66.357-160.796-202.364c-19.733-33.154-63.695-44.655-98.19-25.687s-46.461 61.22-26.726 94.376c3.163 5.316 7.047 10.203 11.548 14.536l160.799 202.36 127.786 154.72c111.409 122.871 295.786 116.163 423.592 9.107 73.453-62.061 120.693-147.848 132.774-241.128 7.861-82.905 16.445-299.705 16.445-299.705-3.721-50.941-63.893-88.6-71.647-62.29l-99.729 191.122-68.588-82.707-274.397-337.068c-19.733-33.155-63.695-44.657-98.189-25.689-34.496 18.968-46.461 61.222-26.726 94.377 3.161 5.316 7.046 10.203 11.547 14.534l86.585 108.965 130.898 166.102-273.456-346.305c-19.733-33.155-63.695-44.657-98.191-25.689-34.494 18.968-46.46 61.222-26.729 94.377 3.164 5.316 7.048 10.203 11.549 14.536l298.984 372.442",
          "M132.112 677.108c0 50.265 35.601 90.94 79.596 90.94",
          "M38.14 668.587c0 109.607 77.629 198.303 173.565 198.303",
          "M816.612 253.357c0-50.267-35.603-90.94-79.597-90.94",
          "M910.58 261.874c0-109.607-77.63-198.302-173.566-198.302"
        ],
        "attrs": [
          {
            "fill": "none",
            "stroke": "rgb(255, 255, 255)",
            "strokeLinejoin": "round",
            "strokeLinecap": "round",
            "strokeMiterlimit": "4",
            "strokeWidth": 54.46808510638298
          },
          {
            "fill": "none",
            "stroke": "rgb(255, 255, 255)",
            "strokeLinejoin": "round",
            "strokeLinecap": "round",
            "strokeMiterlimit": "10",
            "strokeWidth": 54.46808510638298
          },
          {
            "fill": "none",
            "stroke": "rgb(255, 255, 255)",
            "strokeLinejoin": "round",
            "strokeLinecap": "round",
            "strokeMiterlimit": "10",
            "strokeWidth": 54.46808510638298
          },
          {
            "fill": "none",
            "stroke": "rgb(255, 255, 255)",
            "strokeLinejoin": "round",
            "strokeLinecap": "round",
            "strokeMiterlimit": "10",
            "strokeWidth": 54.46808510638298
          },
          {
            "fill": "none",
            "stroke": "rgb(255, 255, 255)",
            "strokeLinejoin": "round",
            "strokeLinecap": "round",
            "strokeMiterlimit": "10",
            "strokeWidth": 54.46808510638298
          }
        ],
        "width": 1068,
        "isMulticolor": false,
        "isMulticolor2": false,
        "grid": 0,
        "tags": [
          "hand"
        ],
        "colorPermutations": {
          "175175175119110925512551040125520401255255255143182115176642471": [
            {
              "s": 6
            },
            {
              "s": 6
            },
            {
              "s": 6
            },
            {
              "s": 6
            },
            {
              "s": 6
            }
          ]
        }
      },
      "attrs": [
        {
          "fill": "none",
          "stroke": "rgb(255, 255, 255)",
          "strokeLinejoin": "round",
          "strokeLinecap": "round",
          "strokeMiterlimit": "4",
          "strokeWidth": 54.46808510638298
        },
        {
          "fill": "none",
          "stroke": "rgb(255, 255, 255)",
          "strokeLinejoin": "round",
          "strokeLinecap": "round",
          "strokeMiterlimit": "10",
          "strokeWidth": 54.46808510638298
        },
        {
          "fill": "none",
          "stroke": "rgb(255, 255, 255)",
          "strokeLinejoin": "round",
          "strokeLinecap": "round",
          "strokeMiterlimit": "10",
          "strokeWidth": 54.46808510638298
        },
        {
          "fill": "none",
          "stroke": "rgb(255, 255, 255)",
          "strokeLinejoin": "round",
          "strokeLinecap": "round",
          "strokeMiterlimit": "10",
          "strokeWidth": 54.46808510638298
        },
        {
          "fill": "none",
          "stroke": "rgb(255, 255, 255)",
          "strokeLinejoin": "round",
          "strokeLinecap": "round",
          "strokeMiterlimit": "10",
          "strokeWidth": 54.46808510638298
        }
      ],
      "properties": {
        "order": 41,
        "id": 9,
        "name": "hand",
        "prevSize": 32
      },
      "setIdx": 2,
      "setId": 3,
      "iconIdx": 9
    },
    {
      "icon": {
        "paths": [
          "M6.583 258.533c0-139.986 113.481-253.466 253.465-253.466h584.399c139.985 0 253.463 113.48 253.463 253.466v506.931c0 139.985-113.477 253.467-253.463 253.467h-837.864v-760.398z"
        ],
        "attrs": [
          {
            "fill": "rgb(255, 104, 0)"
          }
        ],
        "width": 1105,
        "isMulticolor": false,
        "isMulticolor2": false,
        "grid": 0,
        "tags": [
          "hand_rectangle"
        ],
        "colorPermutations": {
          "175175175119110925512551040125520401255255255143182115176642471": [
            {
              "f": 2
            }
          ]
        }
      },
      "attrs": [
        {
          "fill": "rgb(255, 104, 0)"
        }
      ],
      "properties": {
        "order": 65,
        "id": 8,
        "name": "hand_rectangle",
        "prevSize": 32
      },
      "setIdx": 2,
      "setId": 3,
      "iconIdx": 10
    },
    {
      "icon": {
        "paths": [
          "M4.683 258.533c0-139.986 113.48-253.466 253.465-253.466h584.399c139.986 0 253.467 113.48 253.467 253.466v506.931c0 139.985-113.482 253.467-253.466 253.467h-837.865v-760.398z"
        ],
        "attrs": [
          {
            "fill": "rgb(255, 204, 0)"
          }
        ],
        "width": 1105,
        "isMulticolor": false,
        "isMulticolor2": false,
        "grid": 0,
        "tags": [
          "gamepad_rectangle"
        ],
        "colorPermutations": {
          "175175175119110925512551040125520401255255255143182115176642471": [
            {
              "f": 1
            }
          ]
        }
      },
      "attrs": [
        {
          "fill": "rgb(255, 204, 0)"
        }
      ],
      "properties": {
        "order": 66,
        "id": 7,
        "name": "gamepad_rectangle",
        "prevSize": 32
      },
      "setIdx": 2,
      "setId": 3,
      "iconIdx": 11
    },
    {
      "icon": {
        "paths": [
          "M871.030 291.17c-37.699-62.832-106.813-94.247-182.213-94.247h-376.99c-75.4 0-144.514 31.415-182.213 94.247-144.513 219.912-175.929 552.921-75.398 622.037 100.531 69.114 326.726-232.48 446.106-232.48s339.293 301.594 446.106 232.48c100.531-69.116 69.116-402.125-75.398-622.037zM374.658 511.082h-62.83v62.832h-62.832v-62.832h-62.832v-62.832h62.832v-62.832h62.832v62.832h62.83v62.832zM713.951 542.497c0 31.417-25.133 56.55-56.548 56.55s-56.548-25.133-56.548-56.55c0-31.415 25.133-56.548 56.548-56.548s56.548 25.133 56.548 56.548zM833.331 416.835c0 31.415-25.133 56.548-56.548 56.548s-56.548-25.133-56.548-56.548c0-31.417 25.133-56.548 56.548-56.548s56.548 25.131 56.548 56.548z"
        ],
        "attrs": [
          {
            "fill": "rgb(255, 255, 255)"
          }
        ],
        "width": 1044,
        "isMulticolor": false,
        "isMulticolor2": false,
        "grid": 0,
        "tags": [
          "gamepad"
        ],
        "colorPermutations": {
          "175175175119110925512551040125520401255255255143182115176642471": [
            {
              "f": 6
            }
          ]
        }
      },
      "attrs": [
        {
          "fill": "rgb(255, 255, 255)"
        }
      ],
      "properties": {
        "order": 57,
        "id": 6,
        "name": "gamepad",
        "prevSize": 32
      },
      "setIdx": 2,
      "setId": 3,
      "iconIdx": 12
    },
    {
      "icon": {
        "paths": [
          "M6.413 255.11c0-139.985 113.48-253.465 253.465-253.465h584.4c139.985 0 253.46 113.48 253.46 253.465v506.931c0 139.986-113.475 253.463-253.46 253.463h-837.865v-760.394z"
        ],
        "attrs": [
          {
            "fill": "rgb(76, 64, 247)"
          }
        ],
        "width": 1105,
        "isMulticolor": false,
        "isMulticolor2": false,
        "grid": 0,
        "tags": [
          "cake_rectangle"
        ],
        "colorPermutations": {
          "175175175119110925512551040125520401255255255143182115176642471": [
            {
              "f": 3
            }
          ]
        }
      },
      "attrs": [
        {
          "fill": "rgb(76, 64, 247)"
        }
      ],
      "properties": {
        "order": 67,
        "id": 5,
        "name": "cake_rectangle",
        "prevSize": 32
      },
      "setIdx": 2,
      "setId": 3,
      "iconIdx": 13
    },
    {
      "icon": {
        "paths": [
          "M2.157 256c0-141.385 114.615-256 256-256h689.446c141.381 0 255.997 114.615 255.997 256v512c0 141.385-114.616 256-255.997 256h-945.446v-768z"
        ],
        "attrs": [
          {
            "fill": "rgb(255, 104, 0)"
          }
        ],
        "width": 1208,
        "isMulticolor": false,
        "isMulticolor2": false,
        "grid": 0,
        "tags": [
          "note_rectangle"
        ],
        "colorPermutations": {
          "175175175119110925512551040125520401255255255143182115176642471": [
            {
              "f": 2
            }
          ]
        }
      },
      "attrs": [
        {
          "fill": "rgb(255, 104, 0)"
        }
      ],
      "properties": {
        "order": 68,
        "id": 4,
        "name": "note_rectangle",
        "prevSize": 32
      },
      "setIdx": 2,
      "setId": 3,
      "iconIdx": 14
    },
    {
      "icon": {
        "paths": [
          "M72.508 1001.244h1001.244",
          "M118.019 1001.244v-443.733c0-81.845 76.321-147.911 170.571-147.911h569.080c94.249 0 170.571 66.066 170.571 147.911v443.733",
          "M254.553 409.6v-141.676c0-60.075 53.425-108.635 119.715-108.635h398.222c65.793 0 119.219 48.56 119.219 108.635v141.676",
          "M163.531 591.644l18.325 0.523c36.65 0.526 65.871 31.962 65.871 70.738v17.29c0 38.775 29.716 70.738 66.86 70.738 36.65 0 66.863-31.439 66.863-70.738v-16.243c0-38.773 29.716-70.736 66.86-70.736 36.65 0 66.86 31.439 66.86 70.736v16.243c0 38.775 29.716 70.738 66.86 70.738 36.65 0 66.863-31.439 66.863-70.738v-16.243c0-38.773 29.716-70.736 66.86-70.736 36.65 0 66.863 31.439 66.863 70.736v16.243c0 38.775 29.714 70.738 66.86 70.738 36.65 0 66.86-31.439 66.86-70.738v-16.243c0-38.773 29.716-70.736 66.863-70.736h22.287",
          "M368.331 159.289v-113.778",
          "M777.931 159.289v-113.778",
          "M573.131 159.289v-113.778"
        ],
        "attrs": [
          {
            "fill": "none",
            "stroke": "rgb(255, 255, 255)",
            "strokeLinejoin": "round",
            "strokeLinecap": "round",
            "strokeMiterlimit": "4",
            "strokeWidth": 68.26666666666667
          },
          {
            "fill": "none",
            "stroke": "rgb(255, 255, 255)",
            "strokeLinejoin": "round",
            "strokeLinecap": "round",
            "strokeMiterlimit": "4",
            "strokeWidth": 68.26666666666667
          },
          {
            "fill": "none",
            "stroke": "rgb(255, 255, 255)",
            "strokeLinejoin": "round",
            "strokeLinecap": "round",
            "strokeMiterlimit": "4",
            "strokeWidth": 68.26666666666667
          },
          {
            "fill": "none",
            "stroke": "rgb(255, 255, 255)",
            "strokeLinejoin": "round",
            "strokeLinecap": "round",
            "strokeMiterlimit": "4",
            "strokeWidth": 68.26666666666667
          },
          {
            "fill": "none",
            "stroke": "rgb(255, 255, 255)",
            "strokeLinejoin": "round",
            "strokeLinecap": "round",
            "strokeMiterlimit": "4",
            "strokeWidth": 68.26666666666667
          },
          {
            "fill": "none",
            "stroke": "rgb(255, 255, 255)",
            "strokeLinejoin": "round",
            "strokeLinecap": "round",
            "strokeMiterlimit": "4",
            "strokeWidth": 68.26666666666667
          },
          {
            "fill": "none",
            "stroke": "rgb(255, 255, 255)",
            "strokeLinejoin": "round",
            "strokeLinecap": "round",
            "strokeMiterlimit": "4",
            "strokeWidth": 68.26666666666667
          }
        ],
        "width": 1161,
        "isMulticolor": false,
        "isMulticolor2": false,
        "grid": 0,
        "tags": [
          "cake"
        ],
        "colorPermutations": {
          "175175175119110925512551040125520401255255255143182115176642471": [
            {
              "s": 6
            },
            {
              "s": 6
            },
            {
              "s": 6
            },
            {
              "s": 6
            },
            {
              "s": 6
            },
            {
              "s": 6
            },
            {
              "s": 6
            }
          ]
        }
      },
      "attrs": [
        {
          "fill": "none",
          "stroke": "rgb(255, 255, 255)",
          "strokeLinejoin": "round",
          "strokeLinecap": "round",
          "strokeMiterlimit": "4",
          "strokeWidth": 68.26666666666667
        },
        {
          "fill": "none",
          "stroke": "rgb(255, 255, 255)",
          "strokeLinejoin": "round",
          "strokeLinecap": "round",
          "strokeMiterlimit": "4",
          "strokeWidth": 68.26666666666667
        },
        {
          "fill": "none",
          "stroke": "rgb(255, 255, 255)",
          "strokeLinejoin": "round",
          "strokeLinecap": "round",
          "strokeMiterlimit": "4",
          "strokeWidth": 68.26666666666667
        },
        {
          "fill": "none",
          "stroke": "rgb(255, 255, 255)",
          "strokeLinejoin": "round",
          "strokeLinecap": "round",
          "strokeMiterlimit": "4",
          "strokeWidth": 68.26666666666667
        },
        {
          "fill": "none",
          "stroke": "rgb(255, 255, 255)",
          "strokeLinejoin": "round",
          "strokeLinecap": "round",
          "strokeMiterlimit": "4",
          "strokeWidth": 68.26666666666667
        },
        {
          "fill": "none",
          "stroke": "rgb(255, 255, 255)",
          "strokeLinejoin": "round",
          "strokeLinecap": "round",
          "strokeMiterlimit": "4",
          "strokeWidth": 68.26666666666667
        },
        {
          "fill": "none",
          "stroke": "rgb(255, 255, 255)",
          "strokeLinejoin": "round",
          "strokeLinecap": "round",
          "strokeMiterlimit": "4",
          "strokeWidth": 68.26666666666667
        }
      ],
      "properties": {
        "order": 53,
        "id": 3,
        "name": "cake",
        "prevSize": 32
      },
      "setIdx": 2,
      "setId": 3,
      "iconIdx": 15
    },
    {
      "icon": {
        "paths": [
          "M31.54 937.125c-8.355 3.66-12.159 13.401-8.498 21.755s13.402 12.159 21.757 8.499l-13.258-30.254zM8856.114 952.251l-113.73-153.081-75.71 175.041 189.44-21.96zM44.799 967.379c31.391-13.758 62.868-27.371 94.431-40.841l-12.966-30.38c-31.66 13.51-63.235 27.166-94.723 40.967l13.258 30.254zM329.29 847.581c63.519-25.673 127.371-50.771 191.546-75.284l-11.786-30.859c-64.373 24.589-128.423 49.766-192.138 75.518l12.378 30.624zM713.794 700.703c64.453-23.215 129.219-45.845 194.292-67.888l-10.597-31.285c-65.272 22.108-130.236 44.808-194.89 68.093l11.195 31.080zM1103.644 568.654c65.288-20.734 130.871-40.877 196.74-60.423l-9.398-31.668c-66.071 19.605-131.852 39.81-197.341 60.608l9.999 31.483zM1498.251 451.554c66.018-18.234 132.317-35.87 198.884-52.904l-8.189-32.002c-66.768 17.084-133.269 34.776-199.492 53.066l8.796 31.84zM1897.019 349.508c66.652-15.72 133.569-30.838 200.734-45.348l-6.976-32.288c-67.369 14.554-134.484 29.718-201.342 45.487l7.584 32.149zM2299.362 262.586c67.191-13.198 134.62-25.789 202.286-37.767l-5.758-32.527c-67.868 12.014-135.502 24.643-202.894 37.881l6.365 32.413zM2704.675 190.835c67.634-10.672 135.492-20.733 203.565-30.177l-4.539-32.719c-68.278 9.473-136.337 19.564-204.172 30.268l5.146 32.629zM3112.375 134.269c67.987-8.147 136.179-15.68 204.559-22.593l-3.303-32.865c-68.601 6.933-136.998 14.489-205.186 22.66l3.931 32.797zM3521.899 92.872c68.245-5.627 136.687-10.637 205.295-15.025l-2.081-32.965c-68.839 4.401-137.48 9.426-205.923 15.070l2.709 32.921zM3932.689 66.599c68.41-3.116 136.985-5.614 205.725-7.488l-0.892-33.020c-68.971 1.88-137.745 4.385-206.353 7.511l1.519 32.998zM4344.171 55.374c34.287-0.311 68.608-0.467 102.962-0.467v-33.032c-34.453 0-68.872 0.156-103.259 0.468l0.297 33.031zM4447.133 54.907c34.354 0 68.707 0.156 102.962 0.467l0.297-33.031c-34.354-0.312-68.773-0.468-103.259-0.468v33.032zM4755.885 59.111c68.74 1.874 137.315 4.372 205.725 7.488l1.486-32.998c-68.608-3.125-137.381-5.631-206.319-7.511l-0.892 33.020zM5167.071 77.847c68.641 4.388 137.051 9.398 205.295 15.025l2.742-32.921c-68.476-5.644-137.084-10.669-205.923-15.070l-2.114 32.965zM5577.332 111.676c68.41 6.913 136.588 14.446 204.569 22.593l3.931-32.798c-68.179-8.171-136.588-15.726-205.163-22.66l-3.336 32.865zM5986.040 160.658c68.079 9.444 135.928 19.506 203.578 30.177l5.153-32.629c-67.848-10.704-135.895-20.795-204.172-30.268l-4.558 32.719zM6392.634 224.819c67.65 11.978 135.102 24.569 202.29 37.767l6.375-32.413c-67.419-13.237-135.036-25.867-202.917-37.881l-5.748 32.527zM6796.519 304.16c67.188 14.51 134.078 29.628 200.737 45.348l7.597-32.149c-66.857-15.768-133.979-30.933-201.332-45.486l-7.003 32.287zM7197.134 398.65c66.593 17.035 132.889 34.671 198.887 52.904l8.82-31.84c-66.23-18.29-132.724-35.982-199.515-53.066l-8.192 32.002zM7593.885 508.231c65.899 19.545 131.468 39.688 196.74 60.423l10.009-31.483c-65.47-20.797-131.27-41.003-197.335-60.608l-9.414 31.668zM7986.209 632.815c65.074 22.042 129.817 44.673 194.296 67.888l11.165-31.080c-64.644-23.284-129.619-45.984-194.89-68.093l-10.57 31.285zM8373.446 772.297c64.182 24.513 128.033 49.611 191.554 75.284l12.387-30.624c-63.719-25.752-127.769-50.929-192.149-75.518l-11.793 30.859zM24.911 921.996c-16.709 7.323-24.319 26.802-16.996 43.513 7.322 16.708 26.804 24.318 43.513 16.995l-26.517-60.508zM8856.114 952.251l-227.493-306.163-151.387 350.086 378.88-43.923zM51.428 982.505c31.342-13.735 62.771-27.328 94.285-40.775l-25.932-60.763c-31.709 13.533-63.333 27.209-94.87 41.029l26.517 60.508zM335.479 862.895c63.422-25.633 127.174-50.691 191.253-75.168l-23.575-61.717c-64.472 24.629-128.621 49.842-192.434 75.634l24.756 61.252zM719.39 716.242c64.357-23.179 129.024-45.776 193.995-67.782l-21.193-62.573c-65.371 22.142-130.438 44.878-195.188 68.198l22.386 62.157zM1108.642 584.393c65.189-20.701 130.669-40.815 196.44-60.33l-18.795-63.336c-66.17 19.638-132.053 39.873-197.639 60.7l19.994 62.966zM1502.647 467.476c65.919-18.207 132.116-35.817 198.583-52.825l-16.381-64.003c-66.867 17.111-133.47 34.829-199.792 53.146l17.59 63.683zM1900.808 365.585c66.557-15.697 133.368-30.793 200.433-45.281l-13.953-64.575c-67.468 14.576-134.686 29.763-201.645 45.555l15.165 64.301zM2302.547 278.792c67.089-13.178 134.418-25.75 201.979-37.71l-11.515-65.053c-67.97 12.032-135.703 24.68-203.198 37.938l12.734 64.825zM2707.251 207.149c67.531-10.656 135.287-20.702 203.257-30.132l-9.077-65.438c-68.38 9.487-136.542 19.593-204.48 30.313l10.299 65.257zM3114.341 150.668c67.885-8.135 135.977-15.657 204.278-22.559l-6.639-65.73c-68.714 6.944-137.209 14.51-205.5 22.693l7.862 65.595zM3523.254 109.332c68.146-5.618 136.489-10.622 204.998-15.003l-4.195-65.93c-68.938 4.407-137.678 9.44-206.22 15.092l5.417 65.841zM3933.448 83.098c68.278-3.112 136.754-5.606 205.428-7.478l-1.817-66.040c-69.037 1.883-137.91 4.392-206.617 7.521l3.006 65.996zM4344.337 71.889c34.221-0.311 68.509-0.466 102.796-0.466v-66.064c-34.519 0-68.971 0.157-103.391 0.469l0.595 66.062zM4447.133 71.423c34.321 0 68.608 0.156 102.829 0.466l0.595-66.062c-34.42-0.312-68.905-0.469-103.424-0.469v66.064zM4755.423 75.62c68.641 1.872 137.117 4.366 205.428 7.478l3.006-65.996c-68.707-3.13-137.579-5.639-206.65-7.521l-1.784 66.040zM5166.014 94.329c68.542 4.382 136.853 9.385 204.998 15.003l5.45-65.841c-68.575-5.652-137.315-10.684-206.22-15.092l-4.228 65.93zM5575.68 128.109c68.278 6.902 136.39 14.424 204.271 22.559l7.862-65.595c-68.311-8.183-136.787-15.75-205.494-22.693l-6.639 65.73zM5983.761 177.017c67.98 9.43 135.73 19.476 203.281 30.132l10.273-65.257c-67.914-10.72-136.093-20.826-204.47-30.313l-9.084 65.438zM6389.76 241.082c67.551 11.96 134.904 24.532 201.992 37.71l12.717-64.826c-67.485-13.257-135.234-25.906-203.181-37.938l-11.528 65.053zM6793.051 320.303c67.055 14.489 133.88 29.584 200.407 45.281l15.195-64.301c-66.956-15.792-134.177-30.979-201.662-45.555l-13.94 64.575zM7193.038 414.651c66.494 17.008 132.691 34.618 198.59 52.825l17.606-63.683c-66.329-18.316-132.922-36.035-199.812-53.146l-16.384 64.003zM7589.194 524.063c65.767 19.515 131.27 39.629 196.443 60.33l19.985-62.966c-65.569-20.827-131.468-41.062-197.632-60.7l-18.795 63.336zM7980.891 648.46c64.974 22.006 129.652 44.603 193.998 67.782l22.396-62.157c-64.743-23.321-129.817-46.057-195.188-68.198l-21.207 62.573zM8367.566 787.727c64.050 24.477 127.802 49.535 191.224 75.168l24.774-61.252c-63.818-25.792-127.967-51.005-192.446-75.634l-23.552 61.717z"
        ],
        "attrs": [
          {
            "fill": "rgb(175, 175, 175)"
          }
        ],
        "width": 8886,
        "isMulticolor": false,
        "isMulticolor2": false,
        "grid": 0,
        "tags": [
          "Ellipse 79"
        ],
        "colorPermutations": {
          "175175175119110925512551040125520401255255255143182115176642471": [
            {
              "f": 4
            }
          ]
        }
      },
      "attrs": [
        {
          "fill": "rgb(175, 175, 175)"
        }
      ],
      "properties": {
        "order": 48,
        "id": 2,
        "name": "Ellipse-79",
        "prevSize": 32
      },
      "setIdx": 2,
      "setId": 3,
      "iconIdx": 16
    },
    {
      "icon": {
        "paths": [
          "M35.044 64.562c-8.355-3.661-12.159-13.402-8.498-21.756s13.402-12.159 21.756-8.498l-13.258 30.255zM8859.615 49.434l-113.73 153.082-75.71-175.043 189.44 21.961zM48.302 34.307c31.391 13.756 62.868 27.37 94.431 40.84l-12.966 30.381c-31.661-13.512-63.235-27.168-94.723-40.967l13.258-30.255zM332.793 154.103c63.521 25.673 127.372 50.771 191.547 75.285l-11.786 30.857c-64.373-24.59-128.423-49.765-192.139-75.517l12.377-30.626zM717.299 300.983c64.453 23.214 129.219 45.845 194.292 67.888l-10.597 31.285c-65.272-22.108-130.24-44.808-194.89-68.096l11.195-31.077zM1107.149 433.033c65.288 20.734 130.867 40.877 196.737 60.423l-9.394 31.668c-66.071-19.605-131.855-39.81-197.341-60.608l9.999-31.483zM1501.752 550.129c66.022 18.237 132.321 35.873 198.887 52.908l-8.189 32.002c-66.768-17.088-133.269-34.78-199.492-53.066l8.793-31.843zM1900.521 652.176c66.656 15.72 133.569 30.839 200.737 45.35l-6.976 32.289c-67.369-14.554-134.484-29.719-201.342-45.489l7.581-32.15zM2302.867 739.1c67.191 13.196 134.62 25.788 202.286 37.766l-5.758 32.527c-67.868-12.014-135.502-24.642-202.894-37.881l6.365-32.411zM2708.179 810.849c67.634 10.673 135.488 20.734 203.565 30.178l-4.539 32.718c-68.278-9.47-136.337-19.562-204.176-30.267l5.15-32.629zM3115.88 867.417c67.987 8.146 136.179 15.68 204.556 22.591l-3.303 32.867c-68.598-6.933-136.995-14.491-205.183-22.66l3.931-32.798zM3525.401 908.813c68.245 5.625 136.687 10.636 205.295 15.026l-2.081 32.963c-68.839-4.4-137.48-9.424-205.923-15.069l2.709-32.92zM3936.19 935.087c68.41 3.115 136.985 5.612 205.725 7.488l-0.892 33.019c-68.971-1.88-137.745-4.383-206.353-7.512l1.519-32.996zM4347.673 946.311c34.287 0.311 68.608 0.466 102.962 0.466v33.032c-34.453 0-68.872-0.155-103.259-0.466l0.297-33.032zM4450.634 946.777c34.387 0 68.707-0.155 102.962-0.466l0.33 33.032c-34.387 0.311-68.806 0.466-103.292 0.466v-33.032zM4759.387 942.575c68.74-1.876 137.315-4.373 205.725-7.488l1.486 32.996c-68.608 3.128-137.381 5.632-206.319 7.512l-0.892-33.019zM5170.572 923.84c68.641-4.39 137.051-9.401 205.329-15.026l2.709 32.92c-68.443 5.645-137.084 10.669-205.923 15.069l-2.114-32.963zM5580.833 890.008c68.41-6.91 136.588-14.445 204.569-22.591l3.931 32.798c-68.179 8.169-136.588 15.727-205.163 22.66l-3.336-32.867zM5989.541 841.028c68.079-9.444 135.928-19.506 203.578-30.178l5.153 32.629c-67.848 10.706-135.895 20.797-204.172 30.267l-4.558-32.718zM6396.135 776.866c67.683-11.977 135.102-24.569 202.29-37.766l6.375 32.411c-67.386 13.239-135.036 25.868-202.917 37.881l-5.748-32.527zM6800.021 697.526c67.188-14.511 134.078-29.63 200.737-45.35l7.597 32.15c-66.857 15.77-133.979 30.935-201.332 45.489l-7.003-32.289zM7200.636 603.037c66.593-17.035 132.889-34.671 198.887-52.908l8.82 31.843c-66.23 18.287-132.724 35.979-199.515 53.066l-8.192-32.002zM7597.419 493.456c65.866-19.545 131.435-39.688 196.707-60.423l10.009 31.483c-65.47 20.797-131.27 41.003-197.335 60.608l-9.381-31.668zM7989.71 368.871c65.074-22.042 129.817-44.673 194.296-67.888l11.165 31.077c-64.644 23.288-129.586 45.988-194.857 68.096l-10.603-31.285zM8376.948 229.389c64.182-24.515 128.033-49.612 191.554-75.285l12.387 30.625c-63.719 25.753-127.769 50.927-192.149 75.518l-11.793-30.858zM28.415 79.689c-16.709-7.322-24.319-26.804-16.996-43.513s26.804-24.319 43.513-16.996l-26.517 60.509zM8859.615 49.434l-227.493 306.164-151.387-350.085 378.88 43.921zM54.932 19.18c31.342 13.735 62.771 27.327 94.285 40.777l-25.932 60.763c-31.709-13.533-63.333-27.21-94.87-41.030l26.517-60.509zM338.984 138.79c63.422 25.634 127.174 50.693 191.25 75.169l-23.572 61.715c-64.476-24.628-128.621-49.841-192.435-75.634l24.756-61.251zM722.894 285.444c64.353 23.179 129.021 45.777 193.995 67.783l-21.193 62.573c-65.374-22.142-130.438-44.878-195.188-68.198l22.386-62.157zM1112.147 417.293c65.189 20.701 130.669 40.811 196.44 60.33l-18.795 63.333c-66.17-19.634-132.053-39.87-197.639-60.697l19.994-62.966zM1506.149 534.211c65.922 18.207 132.119 35.817 198.583 52.825l-16.377 64.003c-66.871-17.114-133.47-34.833-199.792-53.149l17.586-63.68zM1904.313 636.102c66.553 15.697 133.368 30.793 200.43 45.281l-13.95 64.575c-67.468-14.577-134.686-29.762-201.645-45.555l15.165-64.301zM2306.051 722.894c67.089 13.177 134.418 25.749 201.979 37.71l-11.515 65.054c-67.97-12.034-135.706-24.682-203.198-37.938l12.734-64.826zM2710.753 794.535c67.531 10.656 135.287 20.705 203.261 30.132l-9.081 65.44c-68.377-9.487-136.539-19.595-204.476-30.314l10.296-65.259zM3117.845 851.017c67.885 8.136 135.974 15.657 204.275 22.561l-6.639 65.728c-68.71-6.943-137.206-14.508-205.497-22.693l7.862-65.595zM3526.755 892.353c68.146 5.619 136.489 10.62 204.998 15.003l-4.195 65.929c-68.938-4.407-137.678-9.441-206.22-15.092l5.417-65.84zM3936.95 918.587c68.278 3.112 136.787 5.606 205.428 7.479l-1.817 66.038c-69.037-1.883-137.91-4.39-206.617-7.521l3.006-65.995zM4347.838 929.795c34.221 0.311 68.509 0.466 102.796 0.466v66.065c-34.486 0-68.971-0.155-103.391-0.469l0.595-66.061zM4450.634 930.261c34.321 0 68.608-0.155 102.829-0.466l0.595 66.061c-34.42 0.314-68.905 0.469-103.424 0.469v-66.065zM4758.924 926.066c68.641-1.873 137.117-4.367 205.428-7.479l3.006 65.995c-68.707 3.131-137.579 5.639-206.617 7.521l-1.817-66.038zM5169.515 907.356c68.542-4.383 136.853-9.384 204.998-15.003l5.45 65.84c-68.542 5.652-137.282 10.686-206.22 15.092l-4.228-65.929zM5579.181 873.578c68.278-6.904 136.39-14.425 204.271-22.561l7.862 65.595c-68.311 8.185-136.787 15.75-205.494 22.693l-6.639-65.728zM5987.295 824.667c67.947-9.427 135.697-19.476 203.247-30.132l10.306 65.259c-67.947 10.719-136.126 20.827-204.503 30.314l-9.051-65.44zM6393.261 760.604c67.551-11.961 134.904-24.533 201.992-37.71l12.717 64.826c-67.485 13.256-135.234 25.904-203.181 37.938l-11.528-65.054zM6796.552 681.383c67.055-14.488 133.88-29.584 200.44-45.281l15.162 64.301c-66.956 15.793-134.177 30.978-201.662 45.555l-13.94-64.575zM7196.573 587.036c66.461-17.008 132.658-34.618 198.557-52.825l17.606 63.68c-66.329 18.316-132.922 36.035-199.812 53.149l-16.351-64.003zM7592.696 477.623c65.767-19.519 131.27-39.629 196.443-60.33l20.018 62.966c-65.602 20.827-131.501 41.062-197.665 60.697l-18.795-63.333zM7984.392 353.227c64.974-22.006 129.652-44.604 193.998-67.783l22.396 62.157c-64.743 23.321-129.817 46.057-195.188 68.198l-21.207-62.573zM8371.068 213.96c64.050-24.477 127.802-49.536 191.224-75.169l24.774 61.251c-63.818 25.792-127.967 51.006-192.446 75.634l-23.552-61.715z"
        ],
        "attrs": [
          {
            "fill": "rgb(175, 175, 175)"
          }
        ],
        "width": 8886,
        "isMulticolor": false,
        "isMulticolor2": false,
        "grid": 0,
        "tags": [
          "Ellipse 81"
        ],
        "colorPermutations": {
          "175175175119110925512551040125520401255255255143182115176642471": [
            {
              "f": 4
            }
          ]
        }
      },
      "attrs": [
        {
          "fill": "rgb(175, 175, 175)"
        }
      ],
      "properties": {
        "order": 49,
        "id": 1,
        "name": "Ellipse-81",
        "prevSize": 32
      },
      "setIdx": 2,
      "setId": 3,
      "iconIdx": 17
    },
    {
      "icon": {
        "paths": [
          "M928.001 0h-832.001c-53.016 0-96 42.984-96 96v832.001c0 53.015 42.984 95.999 96 95.999h832.001c53.015 0 95.999-42.984 95.999-95.999v-832.001c0-53.016-42.984-96-95.999-96zM889.327 70c20.985 0 38 17.016 38 38s-17.015 38-38 38c-20.982 0-38-17.016-38-38s17.017-38 38-38zM748.327 70c20.985 0 38 17.016 38 38s-17.015 38-38 38c-20.982 0-38-17.016-38-38s17.017-38 38-38zM607.327 70c20.985 0 38 17.016 38 38s-17.015 38-38 38c-20.982 0-38-17.016-38-38s17.017-38 38-38zM943.999 928.001c0 8.811-7.17 15.998-15.998 15.998h-832.001c-8.828 0-16-7.187-16-15.998v-720.001h863.999v720.001z",
          "M495.999 384h-303.999v64h303.999v-64z",
          "M848.001 704h-656.001v64h656.001v-64z",
          "M848.001 384h-240.002v239.999h240.002v-239.999z",
          "M458.083 607.999h37.917v-63.998h-303.999v63.998h266.083z"
        ],
        "attrs": [
          {
            "fill": "rgb(255, 255, 255)"
          },
          {
            "fill": "rgb(255, 255, 255)"
          },
          {
            "fill": "rgb(255, 255, 255)"
          },
          {
            "fill": "rgb(255, 255, 255)"
          },
          {
            "fill": "rgb(255, 255, 255)"
          }
        ],
        "isMulticolor": false,
        "isMulticolor2": false,
        "grid": 0,
        "tags": [
          "note"
        ],
        "colorPermutations": {
          "175175175119110925512551040125520401255255255143182115176642471": [
            {
              "f": 6
            },
            {
              "f": 6
            },
            {
              "f": 6
            },
            {
              "f": 6
            },
            {
              "f": 6
            }
          ]
        }
      },
      "attrs": [
        {
          "fill": "rgb(255, 255, 255)"
        },
        {
          "fill": "rgb(255, 255, 255)"
        },
        {
          "fill": "rgb(255, 255, 255)"
        },
        {
          "fill": "rgb(255, 255, 255)"
        },
        {
          "fill": "rgb(255, 255, 255)"
        }
      ],
      "properties": {
        "order": 55,
        "id": 0,
        "name": "note",
        "prevSize": 32
      },
      "setIdx": 2,
      "setId": 3,
      "iconIdx": 18
    },
    {
      "icon": {
        "paths": [
          "M1023.998 512c0 282.77-229.23 512-512 512s-512-229.23-512-512c0-282.77 229.23-512 512-512s512 229.23 512 512z"
        ],
        "attrs": [
          {
            "fill": "rgb(255, 197, 23)"
          }
        ],
        "isMulticolor": false,
        "isMulticolor2": false,
        "grid": 0,
        "tags": [
          "Ellipse 3"
        ],
        "colorPermutations": {
          "191109255123618259123623623612551972312552040125594014318211514780255176642471": [
            {
              "f": 3
            }
          ]
        }
      },
      "attrs": [
        {
          "fill": "rgb(255, 197, 23)"
        }
      ],
      "properties": {
        "order": 31,
        "id": 14,
        "name": "Ellipse-3",
        "prevSize": 32
      },
      "setIdx": 3,
      "setId": 2,
      "iconIdx": 0
    },
    {
      "icon": {
        "paths": [
          "M1023.997 512c0 282.77-229.23 512-512 512s-512-229.23-512-512c0-282.77 229.23-512 512-512s512 229.23 512 512z"
        ],
        "attrs": [
          {
            "fill": "rgb(255, 197, 23)"
          }
        ],
        "isMulticolor": false,
        "isMulticolor2": false,
        "grid": 0,
        "tags": [
          "Ellipse 4"
        ],
        "colorPermutations": {
          "191109255123618259123623623612551972312552040125594014318211514780255176642471": [
            {
              "f": 3
            }
          ]
        }
      },
      "attrs": [
        {
          "fill": "rgb(255, 197, 23)"
        }
      ],
      "properties": {
        "order": 30,
        "id": 13,
        "name": "Ellipse-4",
        "prevSize": 32
      },
      "setIdx": 3,
      "setId": 2,
      "iconIdx": 1
    },
    {
      "icon": {
        "paths": [
          "M1023.997 512c0 282.77-229.23 512-512 512s-512-229.23-512-512c0-282.77 229.23-512 512-512s512 229.23 512 512z"
        ],
        "attrs": [
          {
            "fill": "rgb(43, 182, 115)"
          }
        ],
        "isMulticolor": false,
        "isMulticolor2": false,
        "grid": 0,
        "tags": [
          "Ellipse 6"
        ],
        "colorPermutations": {
          "191109255123618259123623623612551972312552040125594014318211514780255176642471": [
            {
              "f": 0
            }
          ]
        }
      },
      "attrs": [
        {
          "fill": "rgb(43, 182, 115)"
        }
      ],
      "properties": {
        "order": 29,
        "id": 12,
        "name": "Ellipse-6",
        "prevSize": 32
      },
      "setIdx": 3,
      "setId": 2,
      "iconIdx": 2
    },
    {
      "icon": {
        "paths": [
          "M1023.997 512c0 282.77-229.23 512-512 512s-512-229.23-512-512c0-282.77 229.23-512 512-512s512 229.23 512 512z"
        ],
        "attrs": [
          {
            "fill": "rgb(191, 109, 255)"
          }
        ],
        "isMulticolor": false,
        "isMulticolor2": false,
        "grid": 0,
        "tags": [
          "Ellipse 8"
        ],
        "colorPermutations": {
          "191109255123618259123623623612551972312552040125594014318211514780255176642471": [
            {
              "f": 7
            }
          ]
        }
      },
      "attrs": [
        {
          "fill": "rgb(191, 109, 255)"
        }
      ],
      "properties": {
        "order": 28,
        "id": 11,
        "name": "Ellipse-8",
        "prevSize": 32
      },
      "setIdx": 3,
      "setId": 2,
      "iconIdx": 3
    },
    {
      "icon": {
        "paths": [
          "M158.723 10.47l1281.776 754.273-148.222 251.882-1281.776-754.273 148.222-251.882z"
        ],
        "attrs": [
          {
            "fill": "rgb(47, 80, 255)"
          }
        ],
        "width": 1463,
        "isMulticolor": false,
        "isMulticolor2": false,
        "grid": 0,
        "tags": [
          "Rectangle 9"
        ],
        "colorPermutations": {
          "191109255123618259123623623612551972312552040125594014318211514780255176642471": [
            {
              "f": 5
            }
          ]
        }
      },
      "attrs": [
        {
          "fill": "rgb(47, 80, 255)"
        }
      ],
      "properties": {
        "order": 27,
        "id": 10,
        "name": "Rectangle-9",
        "prevSize": 32
      },
      "setIdx": 3,
      "setId": 2,
      "iconIdx": 4
    },
    {
      "icon": {
        "paths": [
          "M1140.345 201.969l-977.863 817.824-160.71-192.16 977.863-817.824 160.71 192.16z"
        ],
        "attrs": [
          {
            "fill": "rgb(47, 80, 255)"
          }
        ],
        "width": 1149,
        "isMulticolor": false,
        "isMulticolor2": false,
        "grid": 0,
        "tags": [
          "Rectangle 10"
        ],
        "colorPermutations": {
          "191109255123618259123623623612551972312552040125594014318211514780255176642471": [
            {
              "f": 5
            }
          ]
        }
      },
      "attrs": [
        {
          "fill": "rgb(47, 80, 255)"
        }
      ],
      "properties": {
        "order": 26,
        "id": 9,
        "name": "Rectangle-10",
        "prevSize": 32
      },
      "setIdx": 3,
      "setId": 2,
      "iconIdx": 5
    },
    {
      "icon": {
        "paths": [
          "M643.279 0l625.315 1024h-1250.63l625.315-1024z"
        ],
        "attrs": [
          {
            "fill": "rgb(255, 197, 23)"
          }
        ],
        "width": 1287,
        "isMulticolor": false,
        "isMulticolor2": false,
        "grid": 0,
        "tags": [
          "Polygon 1"
        ],
        "colorPermutations": {
          "191109255123618259123623623612551972312552040125594014318211514780255176642471": [
            {
              "f": 3
            }
          ]
        }
      },
      "attrs": [
        {
          "fill": "rgb(255, 197, 23)"
        }
      ],
      "properties": {
        "order": 25,
        "id": 8,
        "name": "Polygon-1",
        "prevSize": 32
      },
      "setIdx": 3,
      "setId": 2,
      "iconIdx": 6
    },
    {
      "icon": {
        "paths": [
          "M1100.717 56.231l-535.931 947.101-551.393-991.254 1087.323 44.153z"
        ],
        "attrs": [
          {
            "fill": "rgb(255, 94, 0)"
          }
        ],
        "width": 1119,
        "isMulticolor": false,
        "isMulticolor2": false,
        "grid": 0,
        "tags": [
          "Polygon 2"
        ],
        "colorPermutations": {
          "191109255123618259123623623612551972312552040125594014318211514780255176642471": [
            {
              "f": 1
            }
          ]
        }
      },
      "attrs": [
        {
          "fill": "rgb(255, 94, 0)"
        }
      ],
      "properties": {
        "order": 24,
        "id": 7,
        "name": "Polygon-2",
        "prevSize": 32
      },
      "setIdx": 3,
      "setId": 2,
      "iconIdx": 7
    },
    {
      "icon": {
        "paths": [
          "M1024 512c0 282.77-229.23 512-512 512s-512-229.23-512-512c0-282.77 229.23-512 512-512s512 229.23 512 512z"
        ],
        "attrs": [
          {
            "fill": "rgb(191, 109, 255)"
          }
        ],
        "isMulticolor": false,
        "isMulticolor2": false,
        "grid": 0,
        "tags": [
          "Ellipse 7"
        ],
        "colorPermutations": {
          "191109255123618259123623623612551972312552040125594014318211514780255176642471": [
            {
              "f": 7
            }
          ]
        }
      },
      "attrs": [
        {
          "fill": "rgb(191, 109, 255)"
        }
      ],
      "properties": {
        "order": 23,
        "id": 6,
        "name": "Ellipse-7",
        "prevSize": 32
      },
      "setIdx": 3,
      "setId": 2,
      "iconIdx": 8
    },
    {
      "icon": {
        "paths": [
          "M1024 512c0 282.77-229.23 512-512 512s-512-229.23-512-512c0-282.77 229.23-512 512-512s512 229.23 512 512z"
        ],
        "attrs": [
          {
            "fill": "rgb(236, 182, 59)",
            "opacity": 0.66
          }
        ],
        "isMulticolor": false,
        "isMulticolor2": false,
        "grid": 0,
        "tags": [
          "Ellipse 5"
        ],
        "colorPermutations": {
          "191109255123618259123623623612551972312552040125594014318211514780255176642471": [
            {
              "f": 4
            }
          ]
        }
      },
      "attrs": [
        {
          "fill": "rgb(236, 182, 59)",
          "opacity": 0.66
        }
      ],
      "properties": {
        "order": 22,
        "id": 5,
        "name": "Ellipse-5",
        "prevSize": 32
      },
      "setIdx": 3,
      "setId": 2,
      "iconIdx": 9
    },
    {
      "icon": {
        "paths": [
          "M708.964 363.457c20.050-25.893 45.692-47.012 74.118-60.984 24.212-11.966 51.365-19.11 79.089-20.98l-2.92-10.316c-28.688 2.307-55.998 9.659-80.802 21.844-29.848 14.703-56.729 36.825-77.779 63.98-21.054 27.158-35.688 58.748-42.427 91.364-1.909 9.182-3.158 18.395-3.813 27.601-37.959 28.847-67.099 66.772-92.943 103.874-6.306 9.012-12.589 18.291-18.642 27.234-22.214 32.648-45.156 66.374-72.544 95.324-30.903 32.666-69.011 60.031-110.217 79.144-42.353 19.655-86.555 30.484-131.398 32.15-18.399 0.642-36.859-0.272-54.935-2.708l3.091 10.918c17.416 2.024 34.757 2.823 52.229 2.168 27.319-0.995 54.459-5.309 81.018-12.83 18.408-5.212 36.592-11.989 54.413-20.242 42.353-19.658 81.59-47.832 113.415-81.462 27.931-29.539 51.153-63.616 73.547-96.589 6.052-8.941 12.351-18.17 18.618-27.119 23.803-34.132 50.317-68.867 83.887-96.146-0.060 34.91 8.991 68.218 26.435 95.292 12.917 20.092 30.901 36.793 51.988 48.324 21.86 11.963 45.588 17.473 68.663 15.886 23.62-1.579 46.874-11.369 65.581-27.428 19.176-16.515 31.555-38.228 34.955-61.147 3.756-25.304-3.313-51.999-19.912-75.127-15.698-21.86-38.998-38.907-63.991-46.777-24.209-7.6-50.498-8.527-77.986-2.755-24.88 5.196-49.93 15.928-72.447 31-0.495 0.359-1.006 0.665-1.503 1.024 0.644-5.78 1.608-11.597 2.797-17.369 6.393-31.157 20.362-61.257 40.415-87.153zM673.017 475.597c21.425-14.328 45.224-24.49 68.818-29.431 25.749-5.387 50.221-4.544 72.701 2.514 22.84 7.176 44.218 22.808 58.591 42.869 14.996 20.917 21.412 44.917 18.078 67.492-6.141 41.633-46.106 76.643-90.929 79.715-21.051 1.448-42.812-3.64-62.93-14.629-19.55-10.714-36.204-26.163-48.209-44.776-17.709-27.433-26.176-61.938-24.55-97.835 2.776-2.090 5.597-4.031 8.43-5.919z",
          "M961.955 269.506l-125.36-49.857 12.801 37.973 78.696 10.913-73.974 3.101-25.186 20.362 32.367 0.93 9.096 26.978 91.56-50.399z"
        ],
        "attrs": [
          {
            "fill": "rgb(236, 236, 236)"
          },
          {
            "fill": "rgb(236, 236, 236)"
          }
        ],
        "width": 1066,
        "isMulticolor": false,
        "isMulticolor2": false,
        "grid": 0,
        "tags": [
          "arrowGroup_svg"
        ],
        "colorPermutations": {
          "191109255123618259123623623612551972312552040125594014318211514780255176642471": [
            {
              "f": 8
            },
            {
              "f": 8
            }
          ]
        }
      },
      "attrs": [
        {
          "fill": "rgb(236, 236, 236)"
        },
        {
          "fill": "rgb(236, 236, 236)"
        }
      ],
      "properties": {
        "order": 21,
        "id": 4,
        "name": "arrowGroup_svg",
        "prevSize": 32
      },
      "setIdx": 3,
      "setId": 2,
      "iconIdx": 10
    },
    {
      "icon": {
        "paths": [
          "M988.778 172.831c36.98-47.76 84.272-86.711 136.699-112.481 44.655-22.066 94.734-35.243 145.867-38.694l-5.386-19.024c-52.91 4.254-103.279 17.815-149.026 40.289-55.050 27.115-104.627 67.914-143.452 118.001-38.83 50.087-65.821 108.35-78.249 168.504-3.521 16.936-5.825 33.927-7.033 50.907-70.009 53.203-123.754 123.15-171.419 191.579-11.631 16.621-23.219 33.734-34.381 50.229-40.97 60.213-83.282 122.416-133.796 175.809-56.996 60.247-127.28 110.718-203.277 145.968-78.118 36.251-159.642 56.223-242.345 59.295-33.934 1.183-67.981-0.502-101.319-4.994l5.702 20.137c32.122 3.734 64.103 5.207 96.328 3.999 50.385-1.835 100.439-9.791 149.422-23.663 33.953-9.612 67.49-22.113 100.357-37.333 78.118-36.255 150.482-88.219 209.178-150.243 51.514-54.48 94.343-117.33 135.646-178.142 11.163-16.49 22.779-33.512 34.338-50.017 43.902-62.952 92.802-127.016 154.716-177.324-0.111 64.384 16.582 125.815 48.756 175.749 23.822 37.057 56.991 67.859 95.884 89.127 40.318 22.064 84.079 32.227 126.638 29.3 43.563-2.913 86.451-20.968 120.953-50.587 35.367-30.459 58.199-70.506 64.469-112.775 6.926-46.669-6.11-95.904-36.724-138.559-28.952-40.319-71.926-71.756-118.021-86.27-44.65-14.021-93.136-15.73-143.833-5.085-45.887 9.584-92.088 29.381-133.618 57.178-0.913 0.66-1.855 1.227-2.773 1.887 1.188-10.661 2.966-21.388 5.159-32.033 11.79-57.467 37.555-112.978 74.539-160.737zM922.479 379.651c39.516-26.425 83.408-45.168 126.923-54.28 47.49-9.938 92.624-8.382 134.086 4.637 42.124 13.233 81.553 42.065 108.061 79.065 27.658 38.58 39.492 82.843 33.343 124.479-11.327 76.786-85.035 141.355-167.704 147.021-38.825 2.671-78.959-6.714-116.065-26.981-36.057-19.76-66.773-48.254-88.914-82.582-32.662-50.596-48.278-114.236-45.278-180.441 5.12-3.856 10.322-7.433 15.548-10.918z"
        ],
        "attrs": [
          {
            "fill": "rgb(236, 236, 236)"
          }
        ],
        "width": 1348,
        "isMulticolor": false,
        "isMulticolor2": false,
        "grid": 0,
        "tags": [
          "arrowBody_svg"
        ],
        "colorPermutations": {
          "191109255123618259123623623612551972312552040125594014318211514780255176642471": [
            {
              "f": 8
            }
          ]
        }
      },
      "attrs": [
        {
          "fill": "rgb(236, 236, 236)"
        }
      ],
      "properties": {
        "order": 20,
        "id": 3,
        "name": "arrowBody_svg",
        "prevSize": 32
      },
      "setIdx": 3,
      "setId": 2,
      "iconIdx": 11
    },
    {
      "icon": {
        "paths": [
          "M1313.518 509.629l-1225.4-487.364 125.137 371.183 769.244 106.66-723.095 30.321-246.196 199.035 316.396 9.103 88.896 263.693 895.017-492.631z"
        ],
        "attrs": [
          {
            "fill": "rgb(236, 236, 236)"
          }
        ],
        "width": 1331,
        "isMulticolor": false,
        "isMulticolor2": false,
        "grid": 0,
        "tags": [
          "arrowHead_svg"
        ],
        "colorPermutations": {
          "191109255123618259123623623612551972312552040125594014318211514780255176642471": [
            {
              "f": 8
            }
          ]
        }
      },
      "attrs": [
        {
          "fill": "rgb(236, 236, 236)"
        }
      ],
      "properties": {
        "order": 19,
        "id": 2,
        "name": "arrowHead_svg",
        "prevSize": 32
      },
      "setIdx": 3,
      "setId": 2,
      "iconIdx": 12
    },
    {
      "icon": {
        "paths": [
          "M464.959 15.626c135.424-26.507 269.967-21.052 396.84 33.23 133.791 57.242 271.903 135.39 319.059 273.065 46.93 137.015-16.56 281.709-85.397 409.128-64.791 119.924-153.697 230.372-283.148 273.039-127.369 41.981-264.154 8.159-383.319-53.368-115.282-59.523-190.39-162.159-253.577-275.478-82.242-147.488-225.111-306.637-157.238-461.261 68.087-155.111 280.542-165.818 446.78-198.356z"
        ],
        "attrs": [
          {
            "fill": "rgb(76, 64, 247)"
          }
        ],
        "width": 1198,
        "isMulticolor": false,
        "isMulticolor2": false,
        "grid": 0,
        "tags": [
          "purplePuddle_svg"
        ],
        "colorPermutations": {
          "191109255123618259123623623612551972312552040125594014318211514780255176642471": [
            {
              "f": 6
            }
          ]
        }
      },
      "attrs": [
        {
          "fill": "rgb(76, 64, 247)"
        }
      ],
      "properties": {
        "order": 18,
        "id": 1,
        "name": "purplePuddle_svg",
        "prevSize": 32
      },
      "setIdx": 3,
      "setId": 2,
      "iconIdx": 13
    },
    {
      "icon": {
        "paths": [
          "M422.324 113.586c148.273-59.189 307.233-150.023 451.578-95.788 152.974 57.476 225.393 214.049 259.022 362.778 32.881 145.419 16.403 304.013-79.725 430.195-91.727 120.411-248.616 180.207-404.622 205.59-140.814 22.911-277.891-9.888-396.667-75.217-116.55-64.104-220.127-154.787-245.816-278.162-24.995-120.042 37.291-241.141 116.042-345.088 73.703-97.282 181.944-157.107 300.186-204.308z"
        ],
        "attrs": [
          {
            "fill": "rgb(255, 204, 0)"
          }
        ],
        "width": 1148,
        "isMulticolor": false,
        "isMulticolor2": false,
        "grid": 0,
        "tags": [
          "yellowPuddle_svg"
        ],
        "colorPermutations": {
          "191109255123618259123623623612551972312552040125594014318211514780255176642471": [
            {
              "f": 2
            }
          ]
        }
      },
      "attrs": [
        {
          "fill": "rgb(255, 204, 0)"
        }
      ],
      "properties": {
        "order": 17,
        "id": 0,
        "name": "yellowPuddle_svg",
        "prevSize": 32
      },
      "setIdx": 3,
      "setId": 2,
      "iconIdx": 14
    }
  ],
  "height": 1024,
  "preferences": {
    "showGlyphs": true,
    "showQuickUse": true,
    "showQuickUse2": true,
    "showSVGs": true,
    "fontPref": {
      "prefix": "icon-",
      "metadata": {
        "fontFamily": "icomoon"
      },
      "metrics": {
        "emSize": 1024,
        "baseline": 6.25,
        "whitespace": 50
      },
      "embed": false
    },
    "imagePref": {
      "prefix": "icon-",
      "png": true,
      "useClassSelector": true,
      "color": 0,
      "bgColor": 16777215,
      "classSelector": ".icon",
      "name": "icomoon"
    },
    "historySize": 50,
    "showCodes": true,
    "gridSize": 16
  }
}