{
  "IcoMoonType": "selection",
  "icons": [
    {
      "icon": {
        "paths": [
          "M1023.998 512c0 282.77-229.23 512-512 512s-512-229.23-512-512c0-282.77 229.23-512 512-512s512 229.23 512 512z"
        ],
        "attrs": [
          {
            "fill": "rgb(255, 197, 23)"
          }
        ],
        "isMulticolor": false,
        "isMulticolor2": false,
        "grid": 0,
        "tags": [
          "Ellipse 3"
        ],
        "colorPermutations": {
          "191109255123618259123623623612551972312552040125594014318211514780255176642471": [
            {
              "f": 3
            }
          ]
        }
      },
      "attrs": [
        {
          "fill": "rgb(255, 197, 23)"
        }
      ],
      "properties": {
        "order": 2,
        "id": 14,
        "name": "Ellipse-3",
        "prevSize": 32
      },
      "setIdx": 0,
      "setId": 2,
      "iconIdx": 0
    },
    {
      "icon": {
        "paths": [
          "M1023.997 512c0 282.77-229.23 512-512 512s-512-229.23-512-512c0-282.77 229.23-512 512-512s512 229.23 512 512z"
        ],
        "attrs": [
          {
            "fill": "rgb(255, 197, 23)"
          }
        ],
        "isMulticolor": false,
        "isMulticolor2": false,
        "grid": 0,
        "tags": [
          "Ellipse 4"
        ],
        "colorPermutations": {
          "191109255123618259123623623612551972312552040125594014318211514780255176642471": [
            {
              "f": 3
            }
          ]
        }
      },
      "attrs": [
        {
          "fill": "rgb(255, 197, 23)"
        }
      ],
      "properties": {
        "order": 3,
        "id": 13,
        "name": "Ellipse-4",
        "prevSize": 32
      },
      "setIdx": 0,
      "setId": 2,
      "iconIdx": 1
    },
    {
      "icon": {
        "paths": [
          "M1023.997 512c0 282.77-229.23 512-512 512s-512-229.23-512-512c0-282.77 229.23-512 512-512s512 229.23 512 512z"
        ],
        "attrs": [
          {
            "fill": "rgb(43, 182, 115)"
          }
        ],
        "isMulticolor": false,
        "isMulticolor2": false,
        "grid": 0,
        "tags": [
          "Ellipse 6"
        ],
        "colorPermutations": {
          "191109255123618259123623623612551972312552040125594014318211514780255176642471": [
            {
              "f": 0
            }
          ]
        }
      },
      "attrs": [
        {
          "fill": "rgb(43, 182, 115)"
        }
      ],
      "properties": {
        "order": 4,
        "id": 12,
        "name": "Ellipse-6",
        "prevSize": 32
      },
      "setIdx": 0,
      "setId": 2,
      "iconIdx": 2
    },
    {
      "icon": {
        "paths": [
          "M1023.997 512c0 282.77-229.23 512-512 512s-512-229.23-512-512c0-282.77 229.23-512 512-512s512 229.23 512 512z"
        ],
        "attrs": [
          {
            "fill": "rgb(191, 109, 255)"
          }
        ],
        "isMulticolor": false,
        "isMulticolor2": false,
        "grid": 0,
        "tags": [
          "Ellipse 8"
        ],
        "colorPermutations": {
          "191109255123618259123623623612551972312552040125594014318211514780255176642471": [
            {
              "f": 7
            }
          ]
        }
      },
      "attrs": [
        {
          "fill": "rgb(191, 109, 255)"
        }
      ],
      "properties": {
        "order": 5,
        "id": 11,
        "name": "Ellipse-8",
        "prevSize": 32
      },
      "setIdx": 0,
      "setId": 2,
      "iconIdx": 3
    },
    {
      "icon": {
        "paths": [
          "M158.723 10.47l1281.776 754.273-148.222 251.882-1281.776-754.273 148.222-251.882z"
        ],
        "attrs": [
          {
            "fill": "rgb(47, 80, 255)"
          }
        ],
        "width": 1463,
        "isMulticolor": false,
        "isMulticolor2": false,
        "grid": 0,
        "tags": [
          "Rectangle 9"
        ],
        "colorPermutations": {
          "191109255123618259123623623612551972312552040125594014318211514780255176642471": [
            {
              "f": 5
            }
          ]
        }
      },
      "attrs": [
        {
          "fill": "rgb(47, 80, 255)"
        }
      ],
      "properties": {
        "order": 6,
        "id": 10,
        "name": "Rectangle-9",
        "prevSize": 32
      },
      "setIdx": 0,
      "setId": 2,
      "iconIdx": 4
    },
    {
      "icon": {
        "paths": [
          "M1140.345 201.969l-977.863 817.824-160.71-192.16 977.863-817.824 160.71 192.16z"
        ],
        "attrs": [
          {
            "fill": "rgb(47, 80, 255)"
          }
        ],
        "width": 1149,
        "isMulticolor": false,
        "isMulticolor2": false,
        "grid": 0,
        "tags": [
          "Rectangle 10"
        ],
        "colorPermutations": {
          "191109255123618259123623623612551972312552040125594014318211514780255176642471": [
            {
              "f": 5
            }
          ]
        }
      },
      "attrs": [
        {
          "fill": "rgb(47, 80, 255)"
        }
      ],
      "properties": {
        "order": 7,
        "id": 9,
        "name": "Rectangle-10",
        "prevSize": 32
      },
      "setIdx": 0,
      "setId": 2,
      "iconIdx": 5
    },
    {
      "icon": {
        "paths": [
          "M643.279 0l625.315 1024h-1250.63l625.315-1024z"
        ],
        "attrs": [
          {
            "fill": "rgb(255, 197, 23)"
          }
        ],
        "width": 1287,
        "isMulticolor": false,
        "isMulticolor2": false,
        "grid": 0,
        "tags": [
          "Polygon 1"
        ],
        "colorPermutations": {
          "191109255123618259123623623612551972312552040125594014318211514780255176642471": [
            {
              "f": 3
            }
          ]
        }
      },
      "attrs": [
        {
          "fill": "rgb(255, 197, 23)"
        }
      ],
      "properties": {
        "order": 8,
        "id": 8,
        "name": "Polygon-1",
        "prevSize": 32
      },
      "setIdx": 0,
      "setId": 2,
      "iconIdx": 6
    },
    {
      "icon": {
        "paths": [
          "M1100.717 56.231l-535.931 947.101-551.393-991.254 1087.323 44.153z"
        ],
        "attrs": [
          {
            "fill": "rgb(255, 94, 0)"
          }
        ],
        "width": 1119,
        "isMulticolor": false,
        "isMulticolor2": false,
        "grid": 0,
        "tags": [
          "Polygon 2"
        ],
        "colorPermutations": {
          "191109255123618259123623623612551972312552040125594014318211514780255176642471": [
            {
              "f": 1
            }
          ]
        }
      },
      "attrs": [
        {
          "fill": "rgb(255, 94, 0)"
        }
      ],
      "properties": {
        "order": 9,
        "id": 7,
        "name": "Polygon-2",
        "prevSize": 32
      },
      "setIdx": 0,
      "setId": 2,
      "iconIdx": 7
    },
    {
      "icon": {
        "paths": [
          "M1024 512c0 282.77-229.23 512-512 512s-512-229.23-512-512c0-282.77 229.23-512 512-512s512 229.23 512 512z"
        ],
        "attrs": [
          {
            "fill": "rgb(191, 109, 255)"
          }
        ],
        "isMulticolor": false,
        "isMulticolor2": false,
        "grid": 0,
        "tags": [
          "Ellipse 7"
        ],
        "colorPermutations": {
          "191109255123618259123623623612551972312552040125594014318211514780255176642471": [
            {
              "f": 7
            }
          ]
        }
      },
      "attrs": [
        {
          "fill": "rgb(191, 109, 255)"
        }
      ],
      "properties": {
        "order": 10,
        "id": 6,
        "name": "Ellipse-7",
        "prevSize": 32
      },
      "setIdx": 0,
      "setId": 2,
      "iconIdx": 8
    },
    {
      "icon": {
        "paths": [
          "M1024 512c0 282.77-229.23 512-512 512s-512-229.23-512-512c0-282.77 229.23-512 512-512s512 229.23 512 512z"
        ],
        "attrs": [
          {
            "fill": "rgb(236, 182, 59)",
            "opacity": 0.66
          }
        ],
        "isMulticolor": false,
        "isMulticolor2": false,
        "grid": 0,
        "tags": [
          "Ellipse 5"
        ],
        "colorPermutations": {
          "191109255123618259123623623612551972312552040125594014318211514780255176642471": [
            {
              "f": 4
            }
          ]
        }
      },
      "attrs": [
        {
          "fill": "rgb(236, 182, 59)",
          "opacity": 0.66
        }
      ],
      "properties": {
        "order": 11,
        "id": 5,
        "name": "Ellipse-5",
        "prevSize": 32
      },
      "setIdx": 0,
      "setId": 2,
      "iconIdx": 9
    },
    {
      "icon": {
        "paths": [
          "M708.964 363.457c20.050-25.893 45.692-47.012 74.118-60.984 24.212-11.966 51.365-19.11 79.089-20.98l-2.92-10.316c-28.688 2.307-55.998 9.659-80.802 21.844-29.848 14.703-56.729 36.825-77.779 63.98-21.054 27.158-35.688 58.748-42.427 91.364-1.909 9.182-3.158 18.395-3.813 27.601-37.959 28.847-67.099 66.772-92.943 103.874-6.306 9.012-12.589 18.291-18.642 27.234-22.214 32.648-45.156 66.374-72.544 95.324-30.903 32.666-69.011 60.031-110.217 79.144-42.353 19.655-86.555 30.484-131.398 32.15-18.399 0.642-36.859-0.272-54.935-2.708l3.091 10.918c17.416 2.024 34.757 2.823 52.229 2.168 27.319-0.995 54.459-5.309 81.018-12.83 18.408-5.212 36.592-11.989 54.413-20.242 42.353-19.658 81.59-47.832 113.415-81.462 27.931-29.539 51.153-63.616 73.547-96.589 6.052-8.941 12.351-18.17 18.618-27.119 23.803-34.132 50.317-68.867 83.887-96.146-0.060 34.91 8.991 68.218 26.435 95.292 12.917 20.092 30.901 36.793 51.988 48.324 21.86 11.963 45.588 17.473 68.663 15.886 23.62-1.579 46.874-11.369 65.581-27.428 19.176-16.515 31.555-38.228 34.955-61.147 3.756-25.304-3.313-51.999-19.912-75.127-15.698-21.86-38.998-38.907-63.991-46.777-24.209-7.6-50.498-8.527-77.986-2.755-24.88 5.196-49.93 15.928-72.447 31-0.495 0.359-1.006 0.665-1.503 1.024 0.644-5.78 1.608-11.597 2.797-17.369 6.393-31.157 20.362-61.257 40.415-87.153zM673.017 475.597c21.425-14.328 45.224-24.49 68.818-29.431 25.749-5.387 50.221-4.544 72.701 2.514 22.84 7.176 44.218 22.808 58.591 42.869 14.996 20.917 21.412 44.917 18.078 67.492-6.141 41.633-46.106 76.643-90.929 79.715-21.051 1.448-42.812-3.64-62.93-14.629-19.55-10.714-36.204-26.163-48.209-44.776-17.709-27.433-26.176-61.938-24.55-97.835 2.776-2.090 5.597-4.031 8.43-5.919z",
          "M961.955 269.506l-125.36-49.857 12.801 37.973 78.696 10.913-73.974 3.101-25.186 20.362 32.367 0.93 9.096 26.978 91.56-50.399z"
        ],
        "attrs": [
          {
            "fill": "rgb(236, 236, 236)"
          },
          {
            "fill": "rgb(236, 236, 236)"
          }
        ],
        "width": 1066,
        "isMulticolor": false,
        "isMulticolor2": false,
        "grid": 0,
        "tags": [
          "arrowGroup_svg"
        ],
        "colorPermutations": {
          "191109255123618259123623623612551972312552040125594014318211514780255176642471": [
            {
              "f": 8
            },
            {
              "f": 8
            }
          ]
        }
      },
      "attrs": [
        {
          "fill": "rgb(236, 236, 236)"
        },
        {
          "fill": "rgb(236, 236, 236)"
        }
      ],
      "properties": {
        "order": 12,
        "id": 4,
        "name": "arrowGroup_svg",
        "prevSize": 32
      },
      "setIdx": 0,
      "setId": 2,
      "iconIdx": 10
    },
    {
      "icon": {
        "paths": [
          "M988.778 172.831c36.98-47.76 84.272-86.711 136.699-112.481 44.655-22.066 94.734-35.243 145.867-38.694l-5.386-19.024c-52.91 4.254-103.279 17.815-149.026 40.289-55.050 27.115-104.627 67.914-143.452 118.001-38.83 50.087-65.821 108.35-78.249 168.504-3.521 16.936-5.825 33.927-7.033 50.907-70.009 53.203-123.754 123.15-171.419 191.579-11.631 16.621-23.219 33.734-34.381 50.229-40.97 60.213-83.282 122.416-133.796 175.809-56.996 60.247-127.28 110.718-203.277 145.968-78.118 36.251-159.642 56.223-242.345 59.295-33.934 1.183-67.981-0.502-101.319-4.994l5.702 20.137c32.122 3.734 64.103 5.207 96.328 3.999 50.385-1.835 100.439-9.791 149.422-23.663 33.953-9.612 67.49-22.113 100.357-37.333 78.118-36.255 150.482-88.219 209.178-150.243 51.514-54.48 94.343-117.33 135.646-178.142 11.163-16.49 22.779-33.512 34.338-50.017 43.902-62.952 92.802-127.016 154.716-177.324-0.111 64.384 16.582 125.815 48.756 175.749 23.822 37.057 56.991 67.859 95.884 89.127 40.318 22.064 84.079 32.227 126.638 29.3 43.563-2.913 86.451-20.968 120.953-50.587 35.367-30.459 58.199-70.506 64.469-112.775 6.926-46.669-6.11-95.904-36.724-138.559-28.952-40.319-71.926-71.756-118.021-86.27-44.65-14.021-93.136-15.73-143.833-5.085-45.887 9.584-92.088 29.381-133.618 57.178-0.913 0.66-1.855 1.227-2.773 1.887 1.188-10.661 2.966-21.388 5.159-32.033 11.79-57.467 37.555-112.978 74.539-160.737zM922.479 379.651c39.516-26.425 83.408-45.168 126.923-54.28 47.49-9.938 92.624-8.382 134.086 4.637 42.124 13.233 81.553 42.065 108.061 79.065 27.658 38.58 39.492 82.843 33.343 124.479-11.327 76.786-85.035 141.355-167.704 147.021-38.825 2.671-78.959-6.714-116.065-26.981-36.057-19.76-66.773-48.254-88.914-82.582-32.662-50.596-48.278-114.236-45.278-180.441 5.12-3.856 10.322-7.433 15.548-10.918z"
        ],
        "attrs": [
          {
            "fill": "rgb(236, 236, 236)"
          }
        ],
        "width": 1348,
        "isMulticolor": false,
        "isMulticolor2": false,
        "grid": 0,
        "tags": [
          "arrowBody_svg"
        ],
        "colorPermutations": {
          "191109255123618259123623623612551972312552040125594014318211514780255176642471": [
            {
              "f": 8
            }
          ]
        }
      },
      "attrs": [
        {
          "fill": "rgb(236, 236, 236)"
        }
      ],
      "properties": {
        "order": 13,
        "id": 3,
        "name": "arrowBody_svg",
        "prevSize": 32
      },
      "setIdx": 0,
      "setId": 2,
      "iconIdx": 11
    },
    {
      "icon": {
        "paths": [
          "M1313.518 509.629l-1225.4-487.364 125.137 371.183 769.244 106.66-723.095 30.321-246.196 199.035 316.396 9.103 88.896 263.693 895.017-492.631z"
        ],
        "attrs": [
          {
            "fill": "rgb(236, 236, 236)"
          }
        ],
        "width": 1331,
        "isMulticolor": false,
        "isMulticolor2": false,
        "grid": 0,
        "tags": [
          "arrowHead_svg"
        ],
        "colorPermutations": {
          "191109255123618259123623623612551972312552040125594014318211514780255176642471": [
            {
              "f": 8
            }
          ]
        }
      },
      "attrs": [
        {
          "fill": "rgb(236, 236, 236)"
        }
      ],
      "properties": {
        "order": 14,
        "id": 2,
        "name": "arrowHead_svg",
        "prevSize": 32
      },
      "setIdx": 0,
      "setId": 2,
      "iconIdx": 12
    },
    {
      "icon": {
        "paths": [
          "M464.959 15.626c135.424-26.507 269.967-21.052 396.84 33.23 133.791 57.242 271.903 135.39 319.059 273.065 46.93 137.015-16.56 281.709-85.397 409.128-64.791 119.924-153.697 230.372-283.148 273.039-127.369 41.981-264.154 8.159-383.319-53.368-115.282-59.523-190.39-162.159-253.577-275.478-82.242-147.488-225.111-306.637-157.238-461.261 68.087-155.111 280.542-165.818 446.78-198.356z"
        ],
        "attrs": [
          {
            "fill": "rgb(76, 64, 247)"
          }
        ],
        "width": 1198,
        "isMulticolor": false,
        "isMulticolor2": false,
        "grid": 0,
        "tags": [
          "purplePuddle_svg"
        ],
        "colorPermutations": {
          "191109255123618259123623623612551972312552040125594014318211514780255176642471": [
            {
              "f": 6
            }
          ]
        }
      },
      "attrs": [
        {
          "fill": "rgb(76, 64, 247)"
        }
      ],
      "properties": {
        "order": 15,
        "id": 1,
        "name": "purplePuddle_svg",
        "prevSize": 32
      },
      "setIdx": 0,
      "setId": 2,
      "iconIdx": 13
    },
    {
      "icon": {
        "paths": [
          "M422.324 113.586c148.273-59.189 307.233-150.023 451.578-95.788 152.974 57.476 225.393 214.049 259.022 362.778 32.881 145.419 16.403 304.013-79.725 430.195-91.727 120.411-248.616 180.207-404.622 205.59-140.814 22.911-277.891-9.888-396.667-75.217-116.55-64.104-220.127-154.787-245.816-278.162-24.995-120.042 37.291-241.141 116.042-345.088 73.703-97.282 181.944-157.107 300.186-204.308z"
        ],
        "attrs": [
          {
            "fill": "rgb(255, 204, 0)"
          }
        ],
        "width": 1148,
        "isMulticolor": false,
        "isMulticolor2": false,
        "grid": 0,
        "tags": [
          "yellowPuddle_svg"
        ],
        "colorPermutations": {
          "191109255123618259123623623612551972312552040125594014318211514780255176642471": [
            {
              "f": 2
            }
          ]
        }
      },
      "attrs": [
        {
          "fill": "rgb(255, 204, 0)"
        }
      ],
      "properties": {
        "order": 16,
        "id": 0,
        "name": "yellowPuddle_svg",
        "prevSize": 32
      },
      "setIdx": 0,
      "setId": 2,
      "iconIdx": 14
    }
  ],
  "height": 1024,
  "preferences": {
    "showGlyphs": true,
    "showQuickUse": true,
    "showQuickUse2": true,
    "showSVGs": true,
    "fontPref": {
      "prefix": "icon-",
      "metadata": {
        "fontFamily": "icomoon"
      },
      "metrics": {
        "emSize": 1024,
        "baseline": 6.25,
        "whitespace": 50
      },
      "embed": false
    },
    "imagePref": {
      "prefix": "icon-",
      "png": true,
      "useClassSelector": true,
      "color": 0,
      "bgColor": 16777215,
      "classSelector": ".icon",
      "name": "icomoon"
    },
    "historySize": 50,
    "showCodes": true,
    "gridSize": 16
  }
}